id	composite_no
P224127	Q005671
P224184	Q005670
P227171	Q004428
P283666	Q002200
P429779	Q000398
P429780	Q000908
P429785	Q000416
P429946	Q001714
P429947	Q004981
P429949	Q004431
P429950	Q001829
P429952	Q001707
P429954	Q004356
P429957	Q004359
P430113	Q004361
P430114	Q004360
P430122	Q004363
P430131	Q004122
P430133	Q004281
P430134	Q001841
P430135	Q004949
P430143	Q001833
P430144	Q001832
P430145	Q004118
P430146	Q004368
P430147	Q004369
P430148	Q004371
P430154	Q004124
P430159	Q004284
P430161	Q001703
P430167	Q004375
P430170	Q004127
P430172	Q004377
P430182	Q001006
P430186	Q004381
P430188	Q004918
P430197	Q004383
P430198	Q004294
P430203	Q004129
P430204	Q001805
P430213	Q004295
P430220	Q004296
P430229	Q001710
P430251	Q004394
P430253	Q004397
P430255	Q004298
P430262	Q004413
P430266	Q008436
P430269	Q004308
P430276	Q004412
P430277	Q004965
P430283	Q004300
P430289	Q004302
P430295	Q004425
P430300	Q001734
P430310	Q004419
P430313	Q004135
P430323	Q004312
P430326	Q004313
P430330	Q004418
P430333	Q004400
P430343	Q004136
P430350	Q004971
P430353	Q004404
P430354	Q004137
P430369	Q004409
P430373	Q004411
P430378	Q004986
P430382	Q001701
P430383	Q001728
P430385	Q004426
P430390	Q004140
P430392	Q004318
P430398	Q004321
P430400	Q004315
P430401	Q004352
P430412	Q004942
P430413	Q004995
P430418	Q004435
P430419	Q004436
P430423	Q004900
P430424	Q004901
P430426	Q004996
P430428	Q004325
P430437	Q004997
P430439	Q001726
P430440	Q001915
P430442	Q004437
P430449	Q004327
P430453	Q005003
P430454	Q004927
P430459	Q004331
P430462	Q004905
P430465	Q004147
P430466	Q004907
P430472	Q001699
P430477	Q005007
P430478	Q004445
P430479	Q004444
P430480	Q004149
P430482	Q004447
P430485	Q001725
P430486	Q004440
P430487	Q005008
P430489	Q004441
P430490	Q004904
P430492	Q004910
P430494	Q004334
P430500	Q004349
P430514	Q004156
P430519	Q004151
P430521	Q004913
P430525	Q004152
P430537	Q004930
P430541	Q004923
P430554	Q004916
P430562	Q004937
P430563	Q005020
P430567	Q001702
P430569	Q004933
P430571	Q004344
P430576	Q004919
P430577	Q004346
P430587	Q004155
P430612	Q004160
P430613	Q004922
P430614	Q004928
P430617	Q004348
P430621	Q004935
P430625	Q004936
P430628	Q004350
P430632	Q004358
P430635	Q001858
P430637	Q004373
P430639	Q004386
P430645	Q004415
P430646	Q004929
P430649	Q004134
P430652	Q004422
P430653	Q000880
P430654	Q004428bis ?
P430655	Q004991
P430656	Q004143
P430657	Q004434
P430658	Q001868
P430660	Q004446
P430661	Q005014
P430662	Q005018
P430663	Q004915
P430668	Q004941
P430676	Q008385
P430686	Q005287
P430687	Q008437
P430689	Q008439
P430690	Q008440
P430691	Q008441
P430692	Q008442
P430693	Q008443
P430695	Q008444
P431015	Q001198
P431016	Q001214
P431017	Q001199
P431018	Q001203
P431019	Q001204
P431020	Q001205
P431021	Q001202
P431022	Q001201
P431023	Q003637
P431024	Q004244
P431025	Q001183
P431026	Q001241
P431027	Q001242
P431028	Q001220
P431029	Q001249
P431030	Q003638
P431031	Q001243
P431032	Q001230
P431033	Q001246
P431034	Q001016
P431035	Q001021
P431036	Q001022
P431037	Q001023
P431038	Q001024
P431039	Q003641
P431040	Q001050
P431041	Q001017
P431042	Q001039
P431043	Q001027
P431044	Q001029
P431045	Q001026
P431046	Q001028
P431047	Q001030
P431048	Q001031
P431049	Q001032
P431050	Q001034
P431051	Q001025
P431052	Q001033
P431053	Q001018
P431054	Q001035
P431055	Q001036
P431056	Q001037
P431057	Q001038
P431058	Q001044
P431059	Q001045
P431060	Q001046
P431061	Q001042
P431062	Q001047
P431063	Q001048
P431064	Q001019
P431065	Q001020
P431066	Q003642
P431067	Q001040
P431068	Q001049
P431069	Q001051
P431070	Q004838
P431071	Q001053
P431072	Q001054
P431073	Q003643
P431074	Q001055
P431075	Q001056
P431076	Q001060
P431077	Q001067
P431078	Q001064
P431079	Q001057
P431080	Q001058
P431081	Q001059
P431082	Q003644
P431083	Q001062
P431084	Q001063
P431085	Q001071
P431086	Q001066
P431087	Q001068
P431088	Q001065
P431089	Q001070
P431090	Q003645
P431091	Q001182
P431092	Q001069
P431093	Q003646
P431094	Q001175
P431095	Q004840
P431096	Q004841
P431097	Q004842
P431098	Q001072
P431099	Q001085
P431100	Q001073
P431101	Q001078
P431102	Q001090
P431103	Q001076
P431104	Q001077
P431105	Q001074
P431106	Q001088
P431107	Q001080
P431108	Q001082
P431109	Q001081
P431110	Q001075
P431111	Q001083
P431112	Q001089
P431113	Q001084
P431114	Q001086
P431115	Q001079
P431116	Q001087
P431117	Q001103
P431118	Q001110
P431119	Q001092
P431120	Q004252
P431121	Q001115
P431122	Q003647
P431123	Q001118
P431124	Q001107
P431125	Q001112
P431126	Q001095
P431127	Q001096
P431128	Q001109
P431129	Q001093
P431130	Q003671
P431131	Q001097
P431132	Q001111
P431133	Q001098
P431134	Q001091
P431135	Q001105
P431136	Q001113
P431137	Q001102
P431138	Q001099
P431139	Q001100
P431140	Q001101
P431141	Q001119
P431142	Q001106
P431143	Q001108
P431144	Q001094
P431145	Q001116
P431146	Q003648
P431147	Q003649
P431148	Q004843
P431149	Q001120
P431150	Q001121
P431152	Q001122
P431154	Q001124
P431155	Q004873
P431156	Q001125
P431157	Q001132
P431158	Q001133
P431159	Q001128
P431160	Q001129
P431161	Q001126
P431162	Q001130
P431163	Q001127
P431164	Q001131
P431165	Q003652
P431166	Q003653
P431167	Q001382
P431168	Q003655
P431169	Q001351
P431170	Q001350
P431171	Q004844
P431172	Q004845
P431173	Q004846
P431174	Q004847
P431175	Q004848
P431176	Q004849
P431177	Q004850
P431178	Q004851
P431179	Q004852
P431180	Q004853
P431181	Q004854
P431182	Q004855
P431184	Q004856
P431185	Q004858
P431186	Q004859
P431187	Q001255
P431188	Q001257
P431189	Q001258
P431190	Q001254
P431191	Q001321
P431192	Q001326
P431193	Q001323
P431194	Q003656
P431195	Q001324
P431196	Q001325
P431197	Q001380
P431198	Q003657
P431199	Q004860
P431200	Q004861
P431201	Q003659
P431202	Q003662
P431203	Q001329
P431204	Q003665
P431205	Q003667
P431206	Q001330
P431207	Q001335
P431208	Q001331
P431209	Q001332
P431210	Q001333
P431211	Q001334
P431212	Q001328
P431213	Q001336
P431214	Q001337
P431215	Q001248
P431216	Q001368
P431217	Q001370
P431218	Q001367
P431219	Q003668
P431220	Q001373
P431221	Q001372
P431222	Q001369
P431223	Q001374
P431224	Q003669
P431225	Q001376
P431226	Q001375
P431227	Q001250
P431228	Q001362
P431229	Q001363
P431230	Q001366
P431231	Q001365
P431232	Q001379
P431233	Q001381
P431234	Q001348
P431235	Q003673
P431236	Q004862
P431237	Q004863
P431881	Q000377a
P431882	Q000377b
P431883	Q001540
P431884	Q001541
P431885	Q001542
P431886	Q001543
P431887	Q001544
P431888	Q001545
P431889	Q001546
P431890	Q001547
P431891	Q001548
P431892	Q001549
P431893	Q005312
P431894	Q001551
P431895	Q001552
P431896	Q001553
P431897	Q001554
P431898	Q001555
P431899	Q001556
P431900	Q001557
P431901	Q001558
P431902	Q001559
P431903	Q001560
P431904	Q001561
P431905	Q001562
P431906	Q001563
P431907	Q001564
P431908	Q001565
P431909	Q005308
P431910	Q005310
P431911	Q001534
P431912	Q001535
P431913	Q005311
P431914	Q001538
P431915	Q005309
P431916	Q001459
P431917	Q001460
P431918	Q001461
P431919	Q001462
P431920	Q001463
P431921	Q001464
P431922	Q000881
P431923	Q000882
P431924	Q001465
P431925	Q000883
P431926	Q000884
P431927	Q001466
P431928	Q001467
P431929	Q001468
P431930	Q001469
P431931	Q001470
P431932	Q001471
P431933	Q001472
P431934	Q000885
P431935	Q000886
P431936	Q000887
P431937	Q000888
P431938	Q000889
P431939	Q000890
P431940	Q001473
P431941	Q000891
P431942	Q001474
P431943	Q000892
P431944	Q001475
P431945	Q001476
P431946	Q000893
P431947	Q001477
P431948	Q001478
P431949	Q001479
P431950	Q001480
P431951	Q001481
P431952	Q000894
P431953	Q000895
P431954	Q000896
P431955	Q000897
P431956	Q000898
P431957	Q000899
P431958	Q001482
P431959	Q001483
P431960	Q000900
P431961	Q000901
P431962	Q000902
P431963	Q001484
P431964	Q001485
P431965	Q000903
P431966	Q001486
P431967	Q000904
P431968	Q001487
P431969	Q000905
P431970	Q000906
P431971	Q000907
P431972	Q001488
P431973	Q001489
P431974	Q000909
P431975	Q000910
P431976	Q000911
P431977	Q000912
P431978	Q000913
P431979	Q000914
P431980	Q001490
P431981	Q001491
P431982	Q001492
P431983	Q000915
P431984	Q000916
P431985	Q001493
P431986	Q000917
P431987	Q001494
P431988	Q001495
P431989	Q000918
P431990	Q001496
P431991	Q003220
P431992	Q001497
P431993	Q001498
P431994	Q001499
P431995	Q001500
P431996	Q001501
P431997	Q001502
P431998	Q000919
P431999	Q000920
P432000	Q000921
P432002	Q000922
P432003	Q000923
P432004	Q001504
P432005	Q001505
P432006	Q001506
P432007	Q001507
P432008	Q000924
P432009	Q000925
P432010	Q001508
P432011	Q001509
P432012	Q001510
P432013	Q001511
P432014	Q001512
P432015	Q001513
P432016	Q000926
P432017	Q001514
P432018	Q001515
P432019	Q000927
P432020	Q001516
P432021	Q001517
P432022	Q001518
P432023	Q001519
P432024	Q001520
P432025	Q001521
P432026	Q001522
P432027	Q001523
P432028	Q001524
P432029	Q001525
P432030	Q001526
P432031	Q001527
P432032	Q001528
P432033	Q001529
P432034	Q001530
P432035	Q001531
P432036	Q001532
P432037	Q003228
P432038	Q001566
P432039	Q000928
P432040	Q000929
P432041	Q001567
P432042	Q001568
P432043	Q001569
P432044	Q001570
P432045	Q001571
P432046	Q001572
P432047	Q001573
P432048	Q001574
P432049	Q001575
P432050	Q001576
P432051	Q001577
P432052	Q001578
P432053	Q000930
P432054	Q000931
P432055	Q001579
P432056	Q001580
P432057	Q001581
P432058	Q000932
P432059	Q001582
P432060	Q001583
P432061	Q004892
P432062	Q001584
P432063	Q000933
P432064	Q001585
P432065	Q001586
P432066	Q001587
P432067	Q001588
P432068	Q001589
P432069	Q000934
P432070	Q001590
P432071	Q001591
P432072	Q001592
P432073	Q001593
P432074	Q001594
P432075	Q001595
P432076	Q001596
P432077	Q001597
P432078	Q001598
P432079	Q001599
P432080	Q001600
P432081	Q001601
P432082	Q001602
P432083	Q001603
P432084	Q001604
P432085	Q001605
P432086	Q001606
P432087	Q001607
P432088	Q001608
P432089	Q001609
P432090	Q001610
P432091	Q001611
P432092	Q001612
P432093	Q001613
P432094	Q001614
P432095	Q001615
P432096	Q001616
P432111	Q001618
P432112	Q000935
P432113	Q001619
P432114	Q000936
P432115	Q000937
P432116	Q001620
P432117	Q001621
P432118	Q001622
P432119	Q001623
P432120	Q000938
P432121	Q000939
P432122	Q000940
P432123	Q000941
P432124	Q000942
P432125	Q000943
P432126	Q000944
P432127	Q000945
P432128	Q001624
P432129	Q000946
P432130	Q000947
P432131	Q005348
P432132	Q001627
P432133	Q001628
P432134	Q000949
P432135	Q000950
P432136	Q000951
P432137	Q001629
P432138	Q000952
P432139	Q001630
P432140	Q001631
P432141	Q001632
P432142	Q001633
P432143	Q000953
P432144	Q000954
P432145	Q000955
P432146	Q001634
P432147	Q000956
P432148	Q001635
P432149	Q000957
P432150	Q000958
P432151	Q001636
P432152	Q001637
P432153	Q001638
P432154	Q001639
P432155	Q001640
P432156	Q001641
P432157	Q001642
P432158	Q001643
P432159	Q001644
P432160	Q001645
P432161	Q001646
P432162	Q001647
P432163	Q001648
P432164	Q000959
P432166	Q001651
P432167	Q001652
P432168	Q000960
P432169	Q000961
P432170	Q001653
P432171	Q000962
P432172	Q001654
P432173	Q001655
P432174	Q000963
P432175	Q000964
P432176	Q000965
P432177	Q000966
P432178	Q000967
P432179	Q001656
P432180	Q001657
P432181	Q000968
P432182	Q001658
P432183	Q000969
P432184	Q001660
P432185	Q000971
P432186	Q000972
P432187	Q000973
P432188	Q001661
P432189	Q001662
P432190	Q001663
P432191	Q001665
P432192	Q000974
P432193	Q001666
P432194	Q000975
P432195	Q000976
P432196	Q000977
P432197	Q001667
P432198	Q001668
P432199	Q001672
P432200	Q000978
P432201	Q001673
P432202	Q001674
P432203	Q000979
P432204	Q001675
P432205	Q001676
P432206	Q001678
P432207	Q001679
P432208	Q001680
P432209	Q001681
P432210	Q001682
P432211	Q001683
P432212	Q001684
P432213	Q001685
P432214	Q001686
P432215	Q001687
P432216	Q001688
P432217	Q001689
P432218	Q001690
P432219	Q001691
P432220	Q001692
P432221	Q001693
P432222	Q001694
P432223	Q001695
P432224	Q001697
P432225	Q001698
P432226	Q001704
P432227	Q001715
P432228	Q001717
P432229	Q001718
P432230	Q001720
P432231	Q001729
P432232	Q001732
P432233	Q001738
P432234	Q001739
P432235	Q001740
P432238	Q001758
P432239	Q001759
P432240	Q001760
P432241	Q001761
P432242	Q001762
P432243	Q001763
P432244	Q001764
P432249	Q001769
P432250	Q001770
P432251	Q001772
P432252	Q001773
P432253	Q001774
P432254	Q001775
P432255	Q001776
P432256	Q000981
P432257	Q001789
P432258	Q001790
P432259	Q000982
P432260	Q001791
P432261	Q001792
P432262	Q001793
P432263	Q000983
P432264	Q000984
P432265	Q000985
P432266	Q001794
P432267	Q001795
P432268	Q000986
P432269	Q000987
P432270	Q000988
P432271	Q000989
P432272	Q000990
P432273	Q001796
P432274	Q001797
P432275	Q001799
P432276	Q001801
P432277	Q001808
P432278	Q001809
P432279	Q000991
P432280	Q000992
P432281	Q001812
P432282	Q001813
P432283	Q000995
P432284	Q001816
P432285	Q000996
P432286	Q000997
P432287	Q001817
P432288	Q000998
P432289	Q000999
P432290	Q001000
P432291	Q001818
P432292	Q001001
P432293	Q001002
P432294	Q001003
P432295	Q001819
P432296	Q001820
P432297	Q001821
P432298	Q001822
P432299	Q001823
P432300	Q001824
P432301	Q001825
P432302	Q001826
P432303	Q001830
P432305	Q001845
P432306	Q001846
P432307	Q001005
P432308	Q001849
P432309	Q001851
P432310	Q001852
P432312	Q001859
P432313	Q001860
P432314	Q001869
P432315	Q001870
P432316	Q001871
P432317	Q001872
P432318	Q001873
P432319	Q001874
P432320	Q001875
P432321	Q001876
P432322	Q001877
P432323	Q001007
P432324	Q001878
P432325	Q001879
P432326	Q001880
P432327	Q001881
P432328	Q001882
P432329	Q001883
P432330	Q001884
P432331	Q001885
P432332	Q001886
P432333	Q001887
P432334	Q001888
P432335	Q004896
P432336	Q001890
P432337	Q001891
P432338	Q004897
P432339	Q001893
P432340	Q001894
P432341	Q001895
P432342	Q001896
P432343	Q001008
P432344	Q001897
P432345	Q001898
P432346	Q001899
P432347	Q001900
P432348	Q001901
P432349	Q001902
P432350	Q001903
P432351	Q001904
P432352	Q001905
P432353	Q001906
P432354	Q001907
P432355	Q001908
P432356	Q001909
P432357	Q001910
P432358	Q001911
P432359	Q001912
P432360	Q001913
P432361	Q001914
P432362	Q001916
P432363	Q001009
P432364	Q001917
P432365	Q001918
P432366	Q001011
P432367	Q005354
P432370	Q005355
P432371	Q001012
P432372	Q005356
P432373	Q005357
P432377	Q005358
P432378	Q001015
P432379	Q005349
P432400	Q004864
P432478	Q000361
P433096	Q000376
P448153	Q008445
P448239	Q000585
P448277	Q001920
P448278	Q001934
P448279	Q001935
P448280	Q001936
P448282	Q001940
P448283	Q001941
P448284	Q001942
P448285	Q001943
P448286	Q001945
P448287	Q001946
P448288	Q001947
P448289	Q001948
P448290	Q001949
P448291	Q001950
P448292	Q001951
P448293	Q001952
P448294	Q001953
P448295	Q001954
P448296	Q001955
P448297	Q001957
P448298	Q001958
P448299	Q001959
P448300	Q001960
P448301	Q006343
P448302	Q001961
P448303	Q001962
P448304	Q001963
P448305	Q001964
P448306	Q001965
P448307	Q004104
P448308	Q001971
P448309	Q001973
P448310	Q001974
P448311	Q001975
P448312	Q001976
P448314	Q001979
P448318	Q001983
P448319	Q001984
P448320	Q001985
P448321	Q001986
P448322	Q001987
P448323	Q001988
P448324	Q001989
P448325	Q001991
P448326	Q001992
P448327	Q001994
P448328	Q001995
P448329	Q001997
P448330	Q001998
P448331	Q001999
P448332	Q002000
P448333	Q002001
P448336	Q002005
P448337	Q002006
P448338	Q002007
P448339	Q002008
P448340	Q002009
P448341	Q006373
P448342	Q006374
P448343	Q006375
P448345	Q002014
P448346	Q002015
P448347	Q002016
P448348	Q002017
P448349	Q002022
P448350	Q002023
P448351	Q002024
P448353	Q002032
P448354	Q002033
P448355	Q002034
P448356	Q002035
P448357	Q002040
P448358	Q002042
P448359	Q002043
P448360	Q002044
P448361	Q002045
P448362	Q002046
P448363	Q002047
P448364	Q002048
P448365	Q002063
P448366	Q002064
P448367	Q002065
P448368	Q002066
P448369	Q002067
P448370	Q002068
P448371	Q006365
P448372	Q002070
P448373	Q002071
P448374	Q002072
P448375	Q002073
P448376	Q002074
P448377	Q002075
P448378	Q002076
P448379	Q002077
P448380	Q002094
P448382	Q002096
P448383	Q002097
P448384	Q002098
P448385	Q002099
P448386	Q002102
P448387	Q002103
P448388	Q002105
P448389	Q002106
P448390	Q002107
P448391	Q002108
P448392	Q002109
P448393	Q002110
P448394	Q002111
P448395	Q002112
P448396	Q002113
P448397	Q002114
P448398	Q002138
P448399	Q002139
P448400	Q006366
P448401	Q002115
P448402	Q002116
P448403	Q002117
P448404	Q002118
P448405	Q002119
P448406	Q002120
P448407	Q002121
P448408	Q002122
P448409	Q002123
P448410	Q002124
P448411	Q002141
P448412	Q002125
P448413	Q002126
P448414	Q002127
P448415	Q002128
P448416	Q002129
P448417	Q002130
P448418	Q002131
P448419	Q002132
P448420	Q002133
P448421	Q002134
P448422	Q002178
P448423	Q006367
P448424	Q002179
P448425	Q002147
P448426	Q002174
P448427	Q002175
P448428	Q002148
P448429	Q006369
P448430	Q002154
P448431	Q002155
P448432	Q002156
P448433	Q002149
P448434	Q002157
P448435	Q006368
P448436	Q002177
P448437	Q002158
P448438	Q002159
P448439	Q002160
P448440	Q002176
P448441	Q002152
P448442	Q002153
P448443	Q002161
P448444	Q002162
P448445	Q002166
P448446	Q002167
P448447	Q002168
P448448	Q002169
P448449	Q002170
P448450	Q002171
P448451	Q002172
P448456	Q008465
P448457	Q008466
P448458	Q002163
P448460	Q002165
P448461	Q006371
P448462	Q006372
P448467	Q002180
P448468	Q002181akk
P448469	Q007335
P448470	Q006384
P448471	Q002182
P448472	Q002183
P448473	Q006385
P448474	Q006386
P448475	Q002184
P448476	Q002185
P448477	Q002186
P448478	Q002187
P448479	Q002188akk
P448480	Q007334
P448481	Q002189
P448482	Q002190Sum
P448483	Q002191
P448484	Q002192
P448485	Q006383
P448486	Q002193
P448487	Q002194
P448488	Q002195
P448489	Q002196
P448490	Q002197
P448491	Q002198
P448492	Q002199
P448493	Q002204
P448495	Q006388
P448496	Q006390
P448497	Q002220akk
P448498	Q002221
P448499	Q002222akk
P448500	Q002222sum
P448501	Q002223
P448502	Q002224akk
P448503	Q007331
P448504	Q002225akk
P448505	Q007330
P448506	Q006391
P448507	Q002226
P448508	Q006389
P448509	Q002231
P448510	Q002232
P448511	Q002233
P448512	Q002234
P448513	Q002235
P448514	Q002236
P448515	Q006382
P448516	Q002237
P448517	Q002238
P448518	Q002239
P448519	Q002240
P448520	Q002241
P448521	Q002242
P448522	Q002243
P448523	Q002244
P448524	Q002245
P448525	Q002246
P448526	Q002247
P448527	Q002248
P448528	Q002249
P448529	Q002250
P448530	Q002251
P448532	Q002252
P448533	Q002253
P448534	Q006393
P448535	Q006394
P448536	Q006395
P448537	Q002257
P448538	Q002258
P448539	Q002259
P448540	Q002260
P448541	Q002261
P448542	Q002262
P448543	Q006396
P448544	Q008467
P448546	Q006417
P448547	Q006418
P448549	Q002263
P448550	Q006419
P448551	Q008411
P448552	Q008412
P448553	Q008413
P448554	Q006420
P448555	Q006421
P448557	Q006422
P448558	Q006397
P448559	Q006398
P448560	Q006399
P448561	Q006400
P448562	Q006401
P448563	Q006405
P448564	Q006406
P448565	Q006402
P448566	Q006403
P448567	Q006404
P448568	Q006407
P448569	Q006408
P448570	Q006409
P448571	Q006410
P448572	Q006411
P448573	Q006413
P448574	Q006414
P448575	Q006415
P448576	Q006416
P448577	Q006431
P448578	Q006432
P448579	Q006423
P448580	Q006425
P448581	Q006426
P448582	Q006427
P448583	Q006424
P448584	Q006428
P448585	Q006429
P448586	Q006430
P448587	Q006433
P448588	Q006434
P448589	Q006435
P448590	Q006436
P448591	Q006345
P448593	Q006358
P448594	Q006346
P448595	Q006347
P448596	Q006348
P448597	Q006349
P448598	Q006350
P448599	Q006351
P448600	Q006352
P448601	Q006353
P448602	Q006354
P448603	Q006355
P448604	Q006356
P448605	Q006357
P448606	Q006359
P448607	Q006360
P448608	Q006362
P448609	Q006363
P448610	Q006364
P448611	Q006361
P448612	Q006379
P448613	Q006380
P448614	Q006381
P448615	Q006392
P448616	Q006437
P448617	Q006438
P448618	Q001996
P448729	Q000349
P450160	Q004865
P450161	Q004866
P452218	Q007333
P453286	Q004449
P454269	Q004159
P454327	Q008469
P454330	Q004364
P454472	Q008470
P454752	Q003651
P454813	Q001863
P454854	Q008474
P454922	Q004288
P454951	Q001708
P454952	Q001711
P454989	Q004320
P454999	Q001865
P455120	Q001733
P455174	Q003764
P455177	Q008475
P455188	Q008476
P455341	Q001737
P455498	Q004301
P455534	Q008477
P455837	Q008478
P455840	Q001712
P456047	Q008479
P456082	Q003650
P456184	Q005643
P456196	Q003765
P456393	Q004934
P456471	Q001438
P456489	Q001853
P456490	Q008906
P456491	Q008905
P456500	Q001928
P456609	Q004316
P456616	Q004317
P456638	Q001929
P456661	Q002018
P456672	Q002020
P456685	Q001798
P456696	Q001843
P456697	Q001842
P456735	Q001840
P456743	Q000874
P456756	Q001722
P456757	Q001721
P456758	Q001828
P456762	Q001827
P456767	Q004380
P456802	Q004330
P456879	Q004148
P456916	Q004332
P456975	Q004303
P456987	Q001723
P456988	Q001724
P457078	Q004335
P457126	Q005673
P457132	Q004783
P457172	Q008485
P457287	Q004345
P457395	Q004158
P457795	Q004909
P457815	Q004944
P458008	Q001931
P458023	Q001923
P458028	Q001727
P458053	Q001727
P458102	Q001930
P458144	Q004146
P458156	Q001730
P458158	Q001731
P458195	Q001752
P458247	Q004128
P458253	Q004126
P458279	Q008903
P458282	Q004956
P458284	Q004974
P458285	Q004985
P458288	Q005005
P458290	Q005009
P458291	Q005019
P458293	Q005013
P458294	Q001857
P458296	Q004960
P458299	Q001933
P458387	Q008402
P458388	Q008400
P458390	Q004389
P458393	Q004378
P458396	Q004395
P458399	Q004423
P458404	Q004943
P458405	Q004939
P458414	Q004902
P458417	Q004912
P458422	Q004328
P458423	Q004282
P458424	Q004286
P458425	Q001709
P458428	Q004324
P458433	Q004326
P458436	Q008492
P458443	Q001010
P458445	Q008494
P458472	Q001013
P458497	Q001747
P458498	Q001864
P458499	Q001862
P458502	Q001837
P458506	Q001705
P458507	Q001706
P458508	Q001719
P458514	Q001802
P458516	Q001735
P458519	Q001754
P458520	Q001744
P458521	Q001743
P458522	Q001742
P458523	Q001745
P458524	Q001741
P458529	Q001804
P458535	Q001700
P458536	Q008387
P458537	Q008386
P458538	Q000864
P458541	Q008410
P458547	Q001755
P458560	Q001746
P458586	Q001856
P458587	Q004133
P458590	Q004113
P458591	Q001807
P458592	Q004125
P458595	Q004131
P458596	Q004130
P458597	Q001803
P458598	Q004153
P458599	Q004157
P458601	Q004353
P458605	Q004145
P458606	Q008495
P458607	Q004123
P458611	Q004112
P458614	Q004117
P458615	Q004132
P458616	Q004138
P458617	Q001806
P458619	Q004141
P458623	Q004115
P458624	Q001800
P458626	Q004988
P458627	Q001861
P458628	Q004967
P458629	Q004973
P458630	Q005021
P458632	Q004993
P458635	Q005001
P458636	Q005023
P458637	Q005006
P458638	Q004999
P458640	Q004953
P458641	Q005028
P458642	Q004976
P458643	Q004954
P458644	Q004955
P458645	Q001866
P458648	Q001855
P458650	Q001867
P458652	Q004959
P458655	Q004963
P458656	Q004964
P458658	Q004968
P458659	Q004966
P458660	Q004970
P458661	Q004972
P458663	Q004984
P458664	Q005027
P458666	Q004987
P458667	Q004994
P458669	Q005025
P458672	Q005017
P458674	Q005012
P458675	Q005016
P458676	Q004989
P458677	Q004990
P458681	Q004983
P458682	Q005000
P458683	Q005022
P458684	Q005010
P458686	Q004975
P458688	Q004952
P458690	Q004962
P458691	Q004979
P458698	Q005024
P458701	Q001932
P458702	Q001429
P458704	Q005246
P458705	Q008376
P458706	Q005247
P458707	Q008401
P458708	Q004947
P458709	Q001834
P458710	Q001836
P458711	Q008497
P458713	Q004932
P458714	Q004367
P458715	Q004355
P458716	Q004416
P458718	Q004365
P458720	Q004357
P458721	Q004372
P458723	Q004948
P458725	Q001844
P458727	Q004384
P458728	Q004391
P458729	Q004387
P458730	Q004388
P458731	Q004393
P458732	Q004407
P458733	Q001839
P458734	Q004402
P458735	Q004406
P458736	Q004408
P458737	Q008498
P458738	Q004410
P458740	Q001831
P458741	Q004417
P458742	Q004421
P458744	Q008499
P458745	Q004951
P458746	Q004427
P458747	Q001835
P458748	Q004430
P458754	Q004906
P458756	Q004924
P458757	Q004940
P458762	Q004920
P458765	Q004921
P458767	Q004938
P458769	Q004914
P458772	Q004443
P458780	Q004442
P458782	Q004946
P458788	Q004362
P458790	Q004392
P458791	Q004390
P458794	Q004432
P458795	Q004433
P458798	Q004911
P458800	Q004917
P458804	Q008500
P458807	Q004908
P458809	Q004931
P458810	Q004366
P458811	Q004374
P458812	Q004396
P458813	Q004398
P458815	Q004399
P458818	Q004925
P458820	Q008501
P458822	Q004439
P458827	Q004903
P458829	Q004376
P458830	Q004420
P458835	Q004926
P458836	Q004278
P458838	Q004333
P458839	Q008502
P458841	Q004280
P458842	Q001748
P458843	Q004287
P458844	Q004292
P458845	Q004290
P458846	Q004291
P458848	Q004304
P458849	Q004299
P458850	Q004305
P458851	Q004307
P458852	Q004314
P458853	Q004311
P458858	Q004343
P458859	Q008503
P458860	Q001757
P458861	Q004338
P458862	Q004339
P458863	Q004351
P458864	Q004319
P458866	Q004279
P458867	Q001750
P458868	Q004347
P458870	Q001736
P458871	Q004285
P458872	Q004289
P458873	Q004293
P458874	Q004297
P458875	Q001749
P458876	Q004309
P458877	Q004306
P458878	Q004340
P458879	Q008504
P458880	Q004310
P458881	Q004323
P458882	Q004336
P458883	Q004337
P458884	Q001756
P458886	Q004283
P458888	Q004322
P458891	Q001926
P459149	Q005032
P459165	Q005031
P459178	Q004868
P459182	Q003229
P461094	Q005285
P461109	Q005314
P461110	Q004877
P461397	Q000001
P461912	Q005292
P461913	Q005293
P461914	Q005294
P461915	Q005295
P461916	Q005296
P461917	Q005297
P461918	Q005298
P461919	Q005299
P461920	Q005300
P461921	Q005301
P461922	Q005302
P461923	Q005303
P461924	Q005304
P461925	Q005305
P461926	Q008371
P461927	Q001397
P461928	Q001398
P461929	Q005186
P461930	Q005187
P461931	Q001399
P461932	Q001400
P461933	Q001401
P461935	Q001402
P461936	Q008417
P461937	Q001403
P461938	Q001405
P461939	Q001406
P461940	Q005188
P461941	Q001407
P461942	Q000835
P461943	Q005189
P461944	Q001408
P461945	Q005190
P461946	Q001411
P461947	Q001413
P461948	Q001414
P461949	Q001415
P461950	Q001416
P461951	Q001417
P461952	Q001418
P461953	Q000836
P461954	Q001419
P461955	Q001420
P461956	Q005191
P461957	Q000837
P461958	Q005192
P461959	Q000838
P461960	Q000839
P461961	Q000840
P461962	Q005193
P461963	Q000841
P461964	Q008372
P461965	Q005194
P461966	Q000843
P461967	Q001421
P461968	Q000844
P461969	Q005195
P461970	Q005196
P461971	Q005197
P461972	Q005198
P461973	Q005199
P461974	Q005200
P461975	Q005201
P461976	Q005202
P461977	Q005205
P461978	Q005206
P461979	Q005207
P461980	Q000845
P461981	Q000846
P461982	Q000847
P461983	Q005209
P461984	Q000848
P461985	Q000849
P461986	Q005210
P461987	Q005211
P461988	Q005212
P461989	Q005213
P461990	Q001425
P461991	Q005214
P461992	Q005215
P461993	Q005216
P461994	Q001423
P461995	Q000850
P461996	Q000851
P461997	Q000852
P461998	Q005217
P461999	Q005218
P462000	Q005219
P462001	Q001426
P462002	Q005245
P462003	Q008850
P462004	Q008852
P462005	Q000859
P462006	Q005248
P462007	Q005249
P462008	Q008377
P462009	Q005250
P462010	Q005251
P462012	Q005253
P462013	Q005254
P462014	Q008379
P462015	Q001427
P462017	Q005255
P462018	Q005256
P462019	Q005220
P462020	Q000853
P462021	Q000854
P462022	Q005221
P462023	Q000855
P462024	Q005222
P462025	Q000856
P462026	Q005223
P462027	Q005224
P462028	Q000857
P462029	Q005225
P462030	Q005226
P462031	Q005227
P462032	Q001424
P462033	Q005228
P462034	Q005229
P462035	Q005230
P462036	Q005231
P462037	Q005232
P462038	Q005233
P462039	Q000858
P462040	Q005234
P462041	Q005235
P462042	Q005236
P462043	Q005237
P462044	Q005238
P462045	Q005239
P462046	Q005240
P462047	Q005241
P462048	Q005242
P462049	Q005243
P462050	Q005244
P462051	Q000860
P462052	Q000861
P462053	Q000862
P462054	Q008384
P462055	Q005257
P462056	Q005258
P462057	Q005259
P462058	Q000863
P462059	Q005260
P462060	Q005261
P462061	Q005262
P462063	Q000865
P462064	Q005263
P462065	Q005264
P462066	Q005265
P462067	Q005266
P462068	Q005267
P462069	Q001432
P462070	Q005268
P462071	Q000866
P462072	Q005269
P462073	Q005270
P462074	Q005271
P462075	Q005272
P462076	Q005273
P462077	Q005274
P462078	Q005275
P462079	Q000867
P462080	Q001433
P462081	Q001434
P462082	Q001435
P462083	Q005276
P462084	Q000868
P462085	Q005277
P462086	Q000869
P462087	Q000870
P462088	Q005278
P462089	Q005279
P462090	Q001436
P462091	Q000871
P462092	Q005280
P462093	Q001440
P462094	Q004105
P462095	Q008391
P462096	Q005283
P462097	Q005284
P462098	Q001444
P462099	Q001445
P462100	Q000872
P462101	Q000873
P462102	Q001446
P462103	Q001447
P462105	Q000875
P462106	Q001449
P462107	Q001450
P462108	Q001451
P462109	Q000876
P462110	Q001454
P462111	Q000877
P462112	Q001455
P462113	Q001456
P462114	Q001457
P462115	Q001458
P462116	Q005286
P462117	Q000879
P462120	Q005288
P462121	Q005289
P462122	Q005290
P462169	Q005344
P462170	Q005345
P462171	Q005346
P462172	Q005347
P462181	Q001244
P462182	Q001245
P462183	Q001251
P462184	Q001247
P462185	Q003640
P462199	Q001253
P462200	Q001322
P462201	Q004106
P462809	Q003475
P462810	Q003476
P462811	Q003477
P462812	Q003478
P462813	Q003479
P462814	Q003480
P462815	Q003481
P462816	Q003482
P462817	Q003483
P462818	Q003484
P462819	Q003485
P462820	Q003486
P462821	Q003487
P462822	Q003488
P462823	Q003489
P462824	Q003490
P462825	Q003491
P462826	Q003492
P462827	Q003493
P462828	Q003494
P462829	Q003495
P462830	Q003496
P462831	Q003497
P462832	Q003498
P462833	Q003499
P462834	Q003500
P462835	Q003501
P462836	Q003502
P462837	Q003503
P462838	Q003504
P462839	Q003505
P462840	Q003506
P462841	Q003507
P462842	Q003508
P462843	Q003509
P462844	Q003510
P462845	Q003511
P462846	Q003512
P462851	Q003230
P462852	Q003231
P462853	Q003232
P462854	Q003233
P462855	Q003234
P462856	Q003235
P462857	Q003236
P462858	Q003237
P462859	Q003238
P462860	Q003239
P462861	Q003240
P462862	Q003241
P462863	Q003242
P462864	Q003243
P462865	Q003244
P462866	Q003245
P462867	Q003246
P462868	Q003247
P462869	Q003248
P462870	Q003249
P462871	Q003250
P462872	Q003251
P462873	Q003252
P462874	Q003253
P462875	Q003254
P462876	Q003255
P462877	Q003256
P462878	Q003257
P462879	Q003258
P462880	Q003259
P462881	Q003260
P462882	Q003261
P462883	Q003262
P462884	Q003263
P462885	Q003264
P462886	Q003265
P462887	Q003266
P462888	Q003267
P462889	Q003268
P462890	Q003269
P462891	Q003270
P462892	Q003271
P462893	Q003272
P462894	Q003273
P462895	Q003274
P462896	Q003275
P462897	Q003276
P462898	Q003277
P462899	Q003278
P462900	Q003279
P462901	Q003280
P462902	Q003281
P462903	Q003282
P462904	Q003283
P462905	Q003284
P462906	Q003285
P462907	Q003286
P462908	Q003287
P462909	Q003288
P462910	Q003289
P462911	Q003290
P462912	Q003291
P462913	Q003292
P462914	Q003293
P462915	Q003294
P462916	Q003295
P462917	Q003296
P462918	Q003297
P462919	Q003298
P462920	Q003299
P462921	Q003300
P462922	Q003301
P462923	Q003302
P462924	Q003303
P462925	Q003304
P462926	Q003305
P462927	Q003306
P462928	Q003307
P462929	Q003308
P462930	Q003309
P462931	Q003310
P462932	Q003311
P462933	Q003312
P462934	Q003313
P462935	Q003314
P462936	Q003315
P462937	Q003316
P462938	Q003317
P462939	Q003318
P462940	Q003319
P462941	Q003320
P462942	Q003321
P462943	Q003322
P462944	Q003323
P462945	Q003324
P462946	Q003325
P462947	Q003326
P462948	Q003327
P462949	Q003328
P462950	Q003329
P462951	Q003330
P462952	Q003331
P462953	Q003332
P462954	Q003333
P462955	Q003334
P462956	Q003335
P462957	Q003336
P462958	Q003337
P462959	Q003338
P462960	Q003339
P462961	Q003340
P462962	Q003341
P462963	Q003342
P462964	Q003343
P462965	Q003345
P462966	Q003346
P462968	Q003348
P462969	Q003349
P462970	Q003350
P462971	Q003351
P462972	Q003352
P462973	Q003353
P462974	Q003354
P462975	Q003355
P462976	Q003356
P462977	Q003357
P462978	Q003358
P462979	Q003359
P462980	Q003360
P462981	Q003361
P462982	Q003362
P462983	Q003363
P462984	Q003364
P462985	Q003365
P462986	Q003366
P462987	Q003367
P462988	Q003368
P462989	Q003369
P462990	Q003370
P462991	Q003371
P462992	Q003372
P462993	Q003373
P462994	Q003374
P462995	Q003375
P462996	Q003376
P462997	Q003377
P462998	Q003378
P462999	Q003379
P463000	Q003380
P463001	Q003381
P463002	Q003382
P463003	Q003383
P463004	Q003384
P463005	Q003385
P463006	Q003386
P463007	Q003387
P463008	Q003388
P463009	Q003389
P463010	Q003390
P463011	Q003391
P463012	Q003392
P463013	Q003393
P463014	Q003394
P463015	Q003395
P463016	Q003396
P463017	Q003397
P463018	Q003398, Q003768
P463019	Q003399
P463020	Q003400
P463021	Q003401, Q003769
P463022	Q003402
P463023	Q003403
P463024	Q003404
P463025	Q003405
P463026	Q003406
P463027	Q003407
P463028	Q003409
P463029	Q003410
P463030	Q003411
P463031	Q003412
P463032	Q003622
P463033	Q003623
P463034	Q003624
P463035	Q003625
P463036	Q003626
P463037	Q003627
P463038	Q003628
P463039	Q003629
P463040	Q003630
P463041	Q003631
P463042	Q003632
P463043	Q003633
P463044	Q003634
P463045	Q003635
P463046	Q003636
P463047	Q003414
P463048	Q003416
P463049	Q003418
P463050	Q003420
P463051	Q003422
P463052	Q003423
P463053	Q003425
P463054	Q003426
P463055	Q003427
P463056	Q003430
P463057	Q003433
P463058	Q003435
P463059	Q003436
P463060	Q003438
P463061	Q003443
P463062	Q003446
P463063	Q003447
P463064	Q003448
P463065	Q003449
P463066	Q003450
P463067	Q003451
P463068	Q003452
P463069	Q003453
P463070	Q003454
P463071	Q003455
P463072	Q003456
P463073	Q003457
P463074	Q003458
P463075	Q003459
P463076	Q003460
P463077	Q003461
P463078	Q003462
P463079	Q003463
P463080	Q003464
P463081	Q003465
P463082	Q003466
P463083	Q003467
P463084	Q003470
P463085	Q003471
P463086	Q003472
P463087	Q003473
P463088	Q003474
P463089	Q003608
P463090	Q003609
P463091	Q004177
P463092	Q003610
P463093	Q003611
P463094	Q003612
P463095	Q003613
P463096	Q003614
P463097	Q003615
P463098	Q003616
P463099	Q003617
P463100	Q003618
P463101	Q003619
P463102	Q003620
P463103	Q003621
P463104	Q004178
P463116	Q004477
P463131	Q006673
P463132	Q006674
P463133	Q006675
P463134	Q006676
P463135	Q006677
P463143	Q006685
P463219	Q005617
P463220	Q006657
P463221	Q005618
P463222	Q005619
P463223	Q005620
P463224	Q005621
P463225	Q005622
P463226	Q005623
P463227	Q005624
P463228	Q005625
P463229	Q005626
P463230	Q005627
P463231	Q005628
P463232	Q005629
P463233	Q005630
P463234	Q005631
P463235	Q005632
P463236	Q005633
P463237	Q005634
P463238	Q005635
P463239	Q005636
P463240	Q005637
P463241	Q005638
P463242	Q005639
P463243	Q005640
P463244	Q005641
P463245	Q005642
P463247	Q005644
P463248	Q005645
P463249	Q005646
P463250	Q005647
P463251	Q005648
P463252	Q005649
P463253	Q005650
P463254	Q005651
P463255	Q005652
P463256	Q005653
P463257	Q005654
P463258	Q005655
P463259	Q005656
P463260	Q005657
P463261	Q005658
P463262	Q005659
P463263	Q005660
P463265	Q005682
P463266	Q006658
P463267	Q005683
P463268	Q005684
P463269	Q005685
P463270	Q005686
P463271	Q005687
P463272	Q005688
P463273	Q005689
P463274	Q005690
P463275	Q005691
P463276	Q005692
P463277	Q005693
P463278	Q005694
P463279	Q005695
P463280	Q005696
P463281	Q005697
P463282	Q005698
P463283	Q005699
P463284	Q005700
P463285	Q005701
P463286	Q005702
P463287	Q005703
P463288	Q005704
P463289	Q005705
P463290	Q005706
P463291	Q005707
P463292	Q005708
P463293	Q005709
P463294	Q005710
P463295	Q005711
P463296	Q005712
P463297	Q005713
P463298	Q005714
P463299	Q005715
P463300	Q005716
P463301	Q005717
P463302	Q005718
P463303	Q005719
P463304	Q005720
P463305	Q005721
P463306	Q005722
P463307	Q005723
P463308	Q005724
P463309	Q005725
P463310	Q005726
P463311	Q005727
P463312	Q005728
P463313	Q005729
P463314	Q005730
P463315	Q005731
P463316	Q005732
P463317	Q005733
P463318	Q005734
P463319	Q005735
P463320	Q005736
P463321	Q005737
P463322	Q005738
P463323	Q005739
P463324	Q005740
P463325	Q005741
P463326	Q005742
P463327	Q005743
P463328	Q005744
P463329	Q005745
P463330	Q005746
P463331	Q005747
P463332	Q005748
P463333	Q005749
P463334	Q005750
P463335	Q005751
P463336	Q005752
P463337	Q005753
P463338	Q005754
P463339	Q005755
P463340	Q005756
P463341	Q005757
P463342	Q005758
P463343	Q005759
P463344	Q005760
P463345	Q005761
P463346	Q005762
P463347	Q005763
P463348	Q005764
P463349	Q005765
P463350	Q005766
P463351	Q005767
P463352	Q005768
P463353	Q005769
P463354	Q005770
P463355	Q005771
P463356	Q005772
P463357	Q005773
P463358	Q005774
P463359	Q005775
P463360	Q005776
P463361	Q005777
P463362	Q005778
P463363	Q005779
P463364	Q005780
P463365	Q005781
P463366	Q005782
P463367	Q005783
P463368	Q005784
P463369	Q005785
P463370	Q005786
P463371	Q005787
P463372	Q005788
P463373	Q005789
P463374	Q005790
P463375	Q005791
P463376	Q005792
P463377	Q005793
P463378	Q005794
P463379	Q005795
P463380	Q005796
P463381	Q005797
P463382	Q005798
P463383	Q005799
P463384	Q005800
P463385	Q005801
P463386	Q005802
P463387	Q005803
P463388	Q005804
P463389	Q005805
P463390	Q005806
P463391	Q005807
P463392	Q005808
P463393	Q005809
P463394	Q005810
P463395	Q005811
P463396	Q005812
P463397	Q005813
P463398	Q005814
P463399	Q005815
P463400	Q005816
P463401	Q005817
P463402	Q005818
P463403	Q005819
P463404	Q005820
P463405	Q005821
P463406	Q005822
P463407	Q005823
P463408	Q005824
P463409	Q005825
P463410	Q005826
P463411	Q005827
P463412	Q005828
P463413	Q005829
P463414	Q005830
P463415	Q005831
P463416	Q005832
P463417	Q005833
P463418	Q005834
P463419	Q005835
P463420	Q005836
P463421	Q005837
P463422	Q005838
P463423	Q005839
P463424	Q005840
P463425	Q005841
P463426	Q005842
P463427	Q005843
P463428	Q005844
P463429	Q005845
P463430	Q005846
P463431	Q005847
P463432	Q005848
P463433	Q005849
P463434	Q005850
P463435	Q005851
P463436	Q005852
P463437	Q005853
P463438	Q005854
P463439	Q005855
P463440	Q005856
P463441	Q005857
P463442	Q005858
P463443	Q005859
P463444	Q005860
P463445	Q005861
P463446	Q005862
P463447	Q005863
P463448	Q005864
P463449	Q005865
P463450	Q005866
P463451	Q005867
P463452	Q005868
P463453	Q005869
P463454	Q005870
P463455	Q005871
P463456	Q005872
P463457	Q005873
P463458	Q005874
P463459	Q005875
P463460	Q005876
P463461	Q005877
P463462	Q005878
P463463	Q005879
P463464	Q005880
P463465	Q005881
P463466	Q005882
P463467	Q005883
P463468	Q005884
P463469	Q005885
P463470	Q005886
P463471	Q005887
P463472	Q005888
P463473	Q005889
P463474	Q005890
P463475	Q005891
P463476	Q005892
P463477	Q006659
P463478	Q005893
P463479	Q005894
P463480	Q005895
P463481	Q005896
P463482	Q005897
P463483	Q005898
P463484	Q005899
P463485	Q005900
P463486	Q005901
P463487	Q005902
P463488	Q005903
P463489	Q005904
P463490	Q005905
P463491	Q005906
P463492	Q005907
P463493	Q005908
P463494	Q005909
P463495	Q005910
P463496	Q005911
P463497	Q005912
P463498	Q005913
P463499	Q005914
P463500	Q005915
P463501	Q005916
P463502	Q005917
P463503	Q005918
P463504	Q005919
P463505	Q005920
P463509	Q005615
P463510	Q005926
P463511	Q005927
P463512	Q005928
P463513	Q005929
P463514	Q005930
P463515	Q005931
P463516	Q005932
P463517	Q005933
P463518	Q005934
P463519	Q005935
P463520	Q005936
P463521	Q005937
P463522	Q005938
P463523	Q005939
P463524	Q005940
P463525	Q005941
P463526	Q005942
P463527	Q005943
P463528	Q005944
P463529	Q005945
P463530	Q005946
P463531	Q005947
P463532	Q005948
P463533	Q005949
P463534	Q005950
P463535	Q005951
P463536	Q005952
P463537	Q005953
P463538	Q005954
P463539	Q005955
P463540	Q005956
P463541	Q005957
P463542	Q005958
P463543	Q005959
P463544	Q005960
P463545	Q005961
P463546	Q005962
P463547	Q005963
P463548	Q005964
P463549	Q005965
P463550	Q005966
P463551	Q005967
P463552	Q005968
P463553	Q005969
P463554	Q005970
P463555	Q005971
P463556	Q005972
P463557	Q005973
P463558	Q005974
P463559	Q005975
P463560	Q005976
P463561	Q005977
P463562	Q005978
P463563	Q005979
P463564	Q005980
P463565	Q005981
P463566	Q005982
P463567	Q005983
P463568	Q005984
P463569	Q005985
P463570	Q005986
P463571	Q005987
P463572	Q005988
P463573	Q005989
P463574	Q005990
P463575	Q005991
P463576	Q005992
P463577	Q005993
P463578	Q005994
P463579	Q005995
P463580	Q005996
P463581	Q005997
P463582	Q005998
P463583	Q005999
P463584	Q006000
P463585	Q006001
P463586	Q006002
P463587	Q006003
P463588	Q006004
P463589	Q006005
P463590	Q006006
P463591	Q006007
P463592	Q006008
P463593	Q006009
P463594	Q006010
P463595	Q006011
P463596	Q006012
P463597	Q006013
P463598	Q006014
P463599	Q006015
P463600	Q006016
P463601	Q006017
P463602	Q006018
P463603	Q006019
P463604	Q006020
P463605	Q006021
P463606	Q006022
P463607	Q006023
P463608	Q006024
P463609	Q006025
P463610	Q006026
P463611	Q006027
P463612	Q006028
P463613	Q006029
P463614	Q006030
P463615	Q006031
P463616	Q006032
P463617	Q006033
P463618	Q006034
P463619	Q006035
P463620	Q006036
P463621	Q006037
P463622	Q006038
P463623	Q006039
P463624	Q006040
P463625	Q006041
P463626	Q006042
P463627	Q006043
P463628	Q006044
P463629	Q006045
P463630	Q006046
P463631	Q006047
P463632	Q006048
P463633	Q006049
P463634	Q006050
P463635	Q006051
P463636	Q004455
P463637	Q004456
P463638	Q004457
P463639	Q004458
P463640	Q004459
P463641	Q004460
P463642	Q004461
P463643	Q004462
P463644	Q004463
P463645	Q004464
P463646	Q004465
P463647	Q004466
P463648	Q004467
P463649	Q004468
P463650	Q004469
P463651	Q004470
P463652	Q004471
P463653	Q004472
P463654	Q004473
P463655	Q004474
P463656	Q004475
P463657	Q004476
P463658	Q004478
P463659	Q004479
P463660	Q004480
P463661	Q004481
P463662	Q004482
P463663	Q004483
P463664	Q004484
P463665	Q004485
P463666	Q004486
P463667	Q004487
P463668	Q004488
P463669	Q004489
P463670	Q004490
P463671	Q004491
P463672	Q004492
P463673	Q004493
P463674	Q004494
P463675	Q004495
P463676	Q004496
P463677	Q004497
P463678	Q004498
P463679	Q004499
P463680	Q004500
P463681	Q004501
P463682	Q004502
P463683	Q004503
P463684	Q004504
P463685	Q004505
P463686	Q004506
P463687	Q004507
P463688	Q004508
P463689	Q004509
P463690	Q004510
P463691	Q004511
P463692	Q004512
P463693	Q004513
P463694	Q004514
P463695	Q004515
P463696	Q004516
P463697	Q004517
P463698	Q004518
P463699	Q004519
P463700	Q004520
P463701	Q004521
P463702	Q004522
P463703	Q004523
P463704	Q004524
P463705	Q004525
P463706	Q004526
P463707	Q004527
P463708	Q004528
P463709	Q004529
P463710	Q004530
P463711	Q004531
P463712	Q004532
P463713	Q004533
P463714	Q004534
P463715	Q004535
P463716	Q004536
P463717	Q004537
P463718	Q004538
P463719	Q004539
P463720	Q004540
P463721	Q004541
P463722	Q004542
P463723	Q004543
P463724	Q004544
P463725	Q004545
P463726	Q004546
P463727	Q004547
P463728	Q004548
P463729	Q004549
P463730	Q004550
P463731	Q004551
P463732	Q004552
P463733	Q004553
P463734	Q004554
P463735	Q004555
P463736	Q004556
P463737	Q004557
P463738	Q004558
P463739	Q004559
P463740	Q004560
P463741	Q004561
P463742	Q004562
P463743	Q004563
P463744	Q004564
P463745	Q004565
P463746	Q004566
P463747	Q004567
P463748	Q004568
P463749	Q004569
P463750	Q004570
P463751	Q004571
P463752	Q004572
P463753	Q004573
P463754	Q004574
P463755	Q004575
P463756	Q004576
P463757	Q004577
P463758	Q004578
P463759	Q004579
P463760	Q004580
P463761	Q004581
P463762	Q004582
P463763	Q004583
P463764	Q004584
P463765	Q004585
P463766	Q004586
P463767	Q004587
P463768	Q004588
P463769	Q004589
P463770	Q004590
P463771	Q004591
P463772	Q004592
P463773	Q004593
P463774	Q004594
P463775	Q004595
P463776	Q004596
P463777	Q004597
P463778	Q004598
P463779	Q004599
P463780	Q004600
P463781	Q004601
P463782	Q004602
P463783	Q004605
P463784	Q004606
P463785	Q004607
P463786	Q004608
P463787	Q004609
P463788	Q004610
P463789	Q004611
P463790	Q004612
P463791	Q004613
P463792	Q004614
P463793	Q004615
P463794	Q004616
P463795	Q004617
P463796	Q004618
P463797	Q004619
P463798	Q004620
P463799	Q004621
P463800	Q004622
P463801	Q004623
P463802	Q004624
P463803	Q004625
P463804	Q004626
P463805	Q004627
P463806	Q004628
P463807	Q004629
P463808	Q004630
P463809	Q004631
P463810	Q004632
P463811	Q004633
P463812	Q004634
P463813	Q004635
P463814	Q004636
P463815	Q004637
P463816	Q004638
P463817	Q004639
P463818	Q004640
P463819	Q004641
P463820	Q004642
P463821	Q004643
P463822	Q004644
P463823	Q004645
P463824	Q004646
P463825	Q004647
P463826	Q004648
P463827	Q004649
P463828	Q004650
P463829	Q004651
P463830	Q004652
P463831	Q004653
P463832	Q004654
P463833	Q004655
P463834	Q004656
P463835	Q004657
P463836	Q004658
P463837	Q004659
P463838	Q004660
P463839	Q004661
P463840	Q004662
P463841	Q004663
P463842	Q004664
P463843	Q004665
P463844	Q004666
P463845	Q004667
P463846	Q004668
P463847	Q004669
P463848	Q004670
P463849	Q004671
P463850	Q004672
P463851	Q004673
P463852	Q004674
P463853	Q004675
P463854	Q004676
P463855	Q004677
P463856	Q004678
P463857	Q004679
P463858	Q004680
P463859	Q004681
P463860	Q004682
P463861	Q004683
P463862	Q004684
P463863	Q004685
P463864	Q004686
P463865	Q004687
P463866	Q004688
P463867	Q004689
P463868	Q004690
P463869	Q004691
P463870	Q004692
P463871	Q004693
P463872	Q004694
P463873	Q004695
P463874	Q004696
P463875	Q004697
P463876	Q004698
P463877	Q004699
P463878	Q004700
P463879	Q004701
P463880	Q004702
P463881	Q004703
P463882	Q004704
P463883	Q004705
P463884	Q004706
P463885	Q004707
P463886	Q004708
P463887	Q004709
P463888	Q004710
P463889	Q004711
P463890	Q004712
P463891	Q004713
P463892	Q004714
P463893	Q004715
P463894	Q004716
P463895	Q004717
P463896	Q004718
P463897	Q004719
P463898	Q004720
P463899	Q004721
P463900	Q004722
P463901	Q004723
P463902	Q004724
P463903	Q004725
P463904	Q004726
P463905	Q004727
P463906	Q004728
P463907	Q004729
P463908	Q004730
P463909	Q004731
P463910	Q004732
P463911	Q004733
P463912	Q004734
P463913	Q004735
P463914	Q004736
P463915	Q004737
P463916	Q004738
P463917	Q004739
P463918	Q004740
P463919	Q004741
P463920	Q004742
P463921	Q004743
P463922	Q004744
P463923	Q004745
P463924	Q004746
P463925	Q004747
P463926	Q004748
P463927	Q004749
P463928	Q004750
P463929	Q004751
P463930	Q004752
P463931	Q004753
P463932	Q004754
P463933	Q004755
P463934	Q004756
P463935	Q004757
P463936	Q004758
P463937	Q004759
P463938	Q004760
P463939	Q004761
P463940	Q004762
P463941	Q004763
P463942	Q004764
P463943	Q004765
P463944	Q004766
P463945	Q004767
P463946	Q004768
P463947	Q004769
P463948	Q004778
P463949	Q004779
P463950	Q004780
P463951	Q004781
P463952	Q004782
P463953	Q004783
P463954	Q004784
P463955	Q004785
P463956	Q004786
P463957	Q004787
P463958	Q004790
P463959	Q004791
P463960	Q004792
P463961	Q004793
P463962	Q004794
P463963	Q006687
P463964	Q006688
P463965	Q006689
P463966	Q006690
P463967	Q006691
P463968	Q006692
P464118	Q000002
P464136	Q004870
P464202	Q001284
P464203	Q004871
P464204	Q004872
P464209	Q004250
P464210	Q004245
P464238	Q000754
P464240	Q000751
P464241	Q004836
P464242	Q004834
P464243	Q004812
P464244	Q004813
P464245	Q004814
P464246	Q004815
P464247	Q004816
P464248	Q004817
P464249	Q004857
P464250	Q004818
P464251	Q004819
P464252	Q004820
P464253	Q004821
P464254	Q004822
P464255	Q004823
P464256	Q004824
P464257	Q004825
P464258	Q004826
P464259	Q004827
P464260	Q004828
P464261	Q004829
P464262	Q004830
P464263	Q004831
P464264	Q004832
P464265	Q004809
P464266	Q004810
P464267	Q004833
P464268	Q004867
P464269	Q004811
P464270	Q004837
P464271	Q004869
P464272	Q004835
P464292	Q004246
P464303	Q004950
P464355	Q000613
P464358	Q006387
P464874	Q006672
P464878	Q006678
P464880	Q006679
P464881	Q006680
P464882	Q006681
P464883	Q006682
P464884	Q006683
P464885	Q006684
P465141	Q006439
P465341	Q006341
P465344	Q008907
P465365	Q000980
P465366	Q003670
P465367	Q003672
P465368	Q001441
P465369	Q001771
P465370	Q001777
P465371	Q001778
P465372	Q001779
P465373	Q001780
P465374	Q001781
P465375	Q001782
P465376	Q001783
P465377	Q001784
P465378	Q001785
P465379	Q001786
P465380	Q001787
P465381	Q001664
P465382	Q001669
P465383	Q001670
P465384	Q001671
P465385	Q001696
P465386	Q001713
P465387	Q001716
P465388	Q000993
P465389	Q000994
P465390	Q001814
P465391	Q001815
P465392	Q001850
P465394	Q000469 
P465395	Q001972
P465396	Q001990
P465397	Q001993
P465398	Q001811
P465863	Q005681
P467054	Q003513
P467055	Q003514
P467056	Q003515
P467057	Q003516
P467058	Q003517
P467059	Q003518
P467060	Q003519
P467061	Q003520
P467062	Q003521
P467063	Q003522
P467064	Q003523
P467065	Q003524
P467066	Q003525
P467067	Q003526
P467068	Q003527
P467069	Q003528
P467070	Q003529
P467071	Q003530
P467072	Q003531
P467073	Q003532
P467074	Q003533
P467075	Q003534
P467076	Q003535
P467077	Q003536
P467078	Q003537
P467079	Q003538
P467080	Q003539
P467081	Q003540
P467082	Q003541
P467083	Q003542
P467084	Q003543
P467085	Q003544
P467086	Q003545
P467087	Q003546
P467088	Q003547
P467089	Q003548
P467090	Q003549
P467091	Q003550
P467092	Q003551
P467093	Q003552
P467094	Q003553
P467095	Q003554
P467096	Q003555
P467097	Q003556
P467098	Q003557
P467099	Q003558
P467100	Q003559
P467101	Q003560
P467102	Q003561
P467103	Q003562
P467104	Q003563
P467105	Q003564
P467106	Q003565
P467107	Q003566
P467108	Q003567
P467109	Q003568
P467110	Q003569
P467111	Q003570
P467112	Q003571
P467113	Q003572
P467114	Q003573
P467115	Q003574
P467116	Q003575
P467117	Q003576
P467118	Q003577
P467119	Q003578
P467120	Q003579
P467121	Q003911
P467122	Q003912
P467123	Q003913
P467124	Q003914
P467125	Q003915
P467126	Q003916
P467127	Q003917
P467128	Q003918
P467129	Q003919
P467130	Q003920
P467131	Q003921
P467132	Q003922
P467133	Q003923
P467134	Q003924
P467135	Q003925
P467136	Q003926
P467137	Q003927
P467138	Q003928
P467139	Q003929
P467140	Q003930
P467141	Q003931
P467142	Q003932
P467143	Q003933
P467144	Q003934
P467145	Q003935
P467146	Q003936
P467147	Q003937
P467148	Q003938
P467149	Q003939
P467150	Q003940
P467151	Q003941
P467152	Q003942
P467153	Q003943
P467154	Q003944
P467155	Q003945
P467156	Q003946
P467157	Q003947
P467158	Q003948
P467159	Q003949
P467160	Q003950
P467161	Q003951
P467162	Q003952
P467163	Q003953
P467164	Q003954
P467165	Q003955
P467166	Q003956
P467167	Q003957
P467168	Q003958
P467169	Q003959
P467170	Q003960
P467171	Q003961
P467172	Q003962
P467173	Q003963
P467174	Q003964
P467175	Q003965
P467176	Q003966
P467177	Q003967
P467178	Q003968
P467179	Q003969
P467180	Q003970
P467181	Q003971
P467182	Q003972
P467183	Q003973
P467184	Q003974
P467185	Q003975
P467186	Q003976
P467187	Q003977
P467188	Q003978
P467189	Q003979
P467190	Q003980
P467191	Q003981
P467192	Q003982
P467193	Q003983
P467194	Q003984
P467195	Q003985
P467196	Q003986
P467197	Q003987
P467198	Q003988
P467199	Q003989
P467200	Q003990
P467201	Q003991
P467202	Q003992
P467203	Q003993
P467204	Q003994
P467205	Q003995
P467206	Q003996
P467207	Q003997
P467208	Q003998
P467209	Q003999
P467210	Q004000
P467211	Q004001
P467212	Q004002
P467213	Q004003
P467214	Q004004
P467215	Q004005
P467216	Q004006
P467217	Q004007
P467218	Q004008
P467219	Q004009
P467220	Q004010
P467221	Q004012
P467222	Q004013
P467223	Q004014
P467224	Q004015
P467225	Q004016
P467226	Q004017
P467227	Q004018
P467228	Q004019
P467229	Q004020
P467230	Q004021
P467231	Q004022
P467232	Q004023
P467233	Q004024
P467234	Q004025
P467235	Q004026
P467236	Q004027
P467237	Q004028
P467238	Q004029
P467239	Q004030
P467240	Q004031
P467241	Q004032
P467242	Q004033
P467243	Q004034
P467244	Q004035
P467245	Q004036
P467246	Q004037
P467247	Q004038
P467248	Q004057
P467249	Q004058
P467250	Q004059
P467251	Q004060
P467252	Q004061
P467253	Q004062
P467254	Q004063
P467255	Q004064
P467256	Q004065
P467257	Q004066
P467258	Q004067
P467259	Q004068
P467260	Q004069
P467261	Q004070
P467262	Q004071
P467263	Q004072
P467264	Q004073
P467265	Q004074
P467266	Q004075
P467267	Q004076
P467268	Q004077
P467269	Q004078
P467270	Q004079
P467271	Q004080
P467272	Q004081
P467273	Q004082
P467274	Q004088
P467275	Q004089
P468699	Q008891
P468875	Q003799
P468876	Q006239
P468877	Q006245
P468878	Q006244
P468879	Q006243
P468880	Q006242
P468881	Q006241
P468882	Q006240
P468903	Q000343
P469027	Q003855
P469028	Q006246
P469029	Q006247
P469030	Q006248
P469031	Q006249
P469032	Q006250
P469033	Q006252
P469034	Q006251
P469035	Q006253
P469036	Q006254
P469037	Q006255
P469038	Q006256
P469039	Q006257
P469040	Q006258
P469041	Q006259
P469042	Q006260
P469043	Q006261
P469044	Q006262
P469045	Q006263
P469046	Q006264
P469047	Q006265
P469048	Q006266
P469049	Q006267
P469050	Q006268
P469051	Q006269
P469052	Q006270
P469053	Q006271
P469054	Q006272
P469055	Q006275
P469056	Q006273
P469057	Q006274
P469058	Q006276
P469059	Q006277
P469060	Q006278
P469061	Q006279
P469062	Q006280
P469063	Q006281
P469064	Q006282
P469065	Q006283
P469066	Q006284
P469067	Q006285
P469068	Q006286
P469069	Q006287
P469070	Q006288
P469071	Q006289
P469072	Q006290
P469073	Q006291
P469074	Q006292
P469075	Q006293
P469076	Q006294
P469077	Q006295
P469078	Q006296
P469079	Q006297
P469080	Q006298
P469081	Q006300
P469082	Q006301
P469083	Q006302
P469084	Q006303
P469085	Q006304
P469086	Q006305
P469087	Q006306
P469088	Q006309
P469089	Q006603
P469090	Q006604
P469091	Q006605
P469092	Q006606
P469093	Q006607
P469094	Q006608
P469096	Q006310
P469097	Q003800
P469098	Q003801
P469099	Q003802
P469100	Q003803
P469101	Q003804
P469102	Q003805
P469103	Q003806
P469104	Q003807
P469105	Q003808
P469106	Q003809
P469107	Q003810
P469108	Q003811
P469109	Q003812
P469110	Q003813
P469111	Q003814
P469112	Q003815
P469113	Q003816
P469114	Q003817
P469115	Q003818
P469116	Q003840
P469117	Q003841
P469118	Q003842
P469119	Q003843
P469120	Q003844
P469121	Q003846
P469122	Q003848
P469123	Q003849
P469124	Q003850
P469125	Q003851
P469126	Q003852
P469127	Q003853
P469128	Q003854
P469129	Q003819
P469130	Q003820
P469131	Q003821
P469132	Q006311
P469133	Q006312
P469134	Q006313
P469135	Q006314
P469136	Q006315
P469137	Q006316
P469138	Q006317
P469139	Q003857
P469140	Q003858
P469141	Q003859
P469142	Q003860
P469143	Q003861
P469144	Q006318
P469145	Q006319
P469146	Q006320
P469147	Q006321
P469148	Q006322
P469149	Q006206
P469150	Q006207
P469151	Q006208
P469152	Q006209
P469153	Q006210
P469154	Q006211
P469155	Q006212
P469156	Q006213
P469157	Q006214
P469158	Q006215
P469159	Q006216
P469160	Q006217
P469161	Q006218
P469162	Q006219
P469163	Q006220
P469164	Q006225
P469165	Q006226
P469166	Q006221
P469167	Q006222
P469168	Q006223
P469169	Q006224
P469170	Q006227
P469171	Q006228
P469172	Q006229
P469173	Q006230
P469174	Q006231
P469175	Q006232
P469176	Q006233
P469177	Q006234
P469178	Q006235
P469179	Q006236
P469180	Q006237
P469181	Q006238
P469514	Q000332
P469515	Q000333
P469516	Q000334
P469517	Q000335
P469518	Q000336
P469519	Q000337
P469520	Q000338
P469521	Q000339
P469522	Q000340
P469523	Q000341
P469524	Q000342
P469525	Q000344
P469526	Q000345
P469527	Q000350
P469528	Q000347
P469529	Q000348
P469530	Q000351
P469531	Q000352
P469662	Q000354
P469663	Q000356
P469664	Q000357
P469665	Q000358
P469666	Q000359
P469667	Q000360
P469668	Q000362
P469669	Q000363
P469670	Q000364
P469671	Q000366
P469672	Q000367
P469673	Q000368
P469674	Q000369
P469675	Q000370
P469676	Q000372
P469677	Q000373
P469678	Q000374
P469679	Q000375
P469681	Q000379
P469682	Q000380
P469683	Q000381
P469684	Q000382
P469685	Q000383
P469686	Q000384
P469687	Q000385
P469688	Q000386
P469689	Q000387
P469690	Q000388
P469691	Q000389
P469692	Q000390
P469693	Q000391
P469694	Q000392
P469695	Q000393
P469696	Q000394
P469697	Q000395
P469698	Q000396
P469699	Q000397
P469700	Q000399
P469701	Q000400
P469702	Q000401
P469703	Q000404
P469704	Q004139
P469846	Q005315
P469958	Q000792
P469959	Q008415
P471578	Q005316
P471604	Q005203
P471646	Q005204
P471647	Q005306
P471648	Q005352
P471649	Q004403
P471650	Q004248
P471682	Q000011
P471683	Q000017
P471684	Q000034
P471685	Q000013
P471686	Q000265
P471687	Q000028
P471688	Q000026
P471689	Q000007
P471690	needed
P471691	Q000019
P471692	Q000030
P471693	Q000023
P471694	Q000022
P472692	Q006370
P472746	Q005351
P472758	Q000761
P472776	Q005281
P473725	Q000423
P473726	Q000447
P473727	Q000539
P473728	Q000540
P473730	Q000557
P473731	Q000560a
P473732	Q000561
P473733	Q000562
P473734	Q000564
P473735	Q000565
P473736	Q000573
P473737	Q000574
P473738	Q000579
P473739	Q000580
P473740	Q000581
P473741	Q000582
P473742	Q000590
P473745	Q000632
P473746	Q000633
P473747	Q000635
P473748	Q000639
P473749	Q000663
P473750	Q000690
P473751	Q000736
P473753	Q000760
P473755	Q000604
P473756	Q000553a needed
P473757	Q000559
P477521	Q008509
P477522	Q008510
P478002	Q004945
P478003	Q004114
P478007	Q004150
P478011	Q004342
P478012	Q004116
P478812	Q000482
P478833	Q008414
P478834	Q000547
P478835	Q000548
P478836	Q000549
P478837	Q000550
P478838	Q000553
P478839	Q000554
P478840	Q000555
P478841	Q000556
P478843	Q000558
P478845	Q000560
P478846	Q000615
P478847	Q000616
P478848	Q000618
P478849	Q000619
P478850	Q000621
P478851	Q000622
P478852	Q000623
P478853	Q000624
P478854	Q000625
P478855	Q000626
P478856	Q000627
P478857	Q000628
P478858	Q000629
P478859	Q000630
P478860	Q000631
P478863	Q000634
P478865	Q000636
P478866	Q000637
P478867	Q000638
P478869	Q000640
P478870	Q000641
P478871	Q000643
P478872	Q000644
P478873	Q000646
P478874	Q000647
P478875	Q000649
P478876	Q000651
P478877	Q000653
P478878	Q000654
P478879	Q000656
P478880	Q000657
P478881	Q000658
P478882	Q000659
P478883	Q000660
P478884	Q000661
P478885	Q000662
P478887	Q000664
P478888	Q000668
P478889	Q000669
P478890	Q000670
P478891	Q000671
P478892	Q000672
P478893	Q000673
P478894	Q000674
P478895	Q000675
P478896	Q000676
P478897	Q000677
P478898	Q000678
P478899	Q000679
P478900	Q000680
P478901	Q000681
P478902	Q000682
P478903	Q000683
P478904	Q000684
P478905	Q000686
P478906	Q000687
P478907	Q000688
P478908	Q000689
P478910	Q000691
P478911	Q000692
P478912	Q000694
P478913	Q000695
P478914	Q000733
P478915	Q000734
P478916	Q000697
P478917	Q000699
P478918	Q000700
P478919	Q000701
P478920	Q000702
P478921	Q000707
P478922	Q000708
P478923	Q000709
P478924	Q000710
P478925	Q000711
P478926	Q000712
P478927	Q000713
P478928	Q000714
P478929	Q000715
P478930	Q000716
P478931	Q000717
P478932	Q000719
P478933	Q000721
P478934	Q000722
P478935	Q000723
P478936	Q000724
P478937	Q000725
P478938	Q000726
P478939	Q000732
P478941	Q000737
P478942	Q000738
P478943	Q000739
P478944	Q000741
P478945	Q000743
P478946	Q000746
P478947	Q000747
P478948	Q000748
P478949	Q000749
P478950	Q000750
P478951	Q000752
P478952	Q000756
P478953	Q000788
P478954	Q000789
P478957	Q000762
P478958	Q000764
P478959	Q000765
P478960	Q000766
P478961	Q000773
P478962	Q000774
P478963	Q000775
P478964	Q000776
P478965	Q000777
P478966	Q000778
P478967	Q000779
P478968	Q000781
P478969	Q000782
P478970	Q000784
P478971	Q000785
P478972	Q000790
P478973	Q000791
P478975	Q002338
P478976	Q000793
P478977	Q000794
P479841	Q000611
P479842	Q000599
P479843	Q000596
P479844	Q000594
P479845	Q000592
P479846	Q000584
P479847	Q000583
P479848	Q000578
P479849	Q000577
P479850	Q000576
P479851	Q000575
P479852	Q000569
P479853	Q000566
P479854	Q000563
P479855	Q000546
P479856	Q000543
P479857	Q000541
P479858	Q000497
P479859	Q000494
P479860	Q000483
P479861	Q000481
P479862	Q000479
P479863	Q000469
P479864	Q000467
P479865	Q000465
P479866	Q000463
P479867	Q000461
P479868	Q000459
P479869	Q000458
P479870	Q000455
P479871	Q000454
P479872	Q000451
P479873	Q000450
P479874	Q000448
P479875	Q000444
P479876	Q000441
P479877	Q000438
P479878	Q000434
P479879	Q000432
P479880	Q000431
P479881	Q000426
P479882	Q000425
P479883	Q000419
P479884	Q000418
P479885	Q000417
P479886	Q000415
P479887	Q000414
P479888	Q000413
P479889	Q000412
P479890	Q000410
P479891	Q000408
P479892	Q000407
P479893	Q000406
P479894	Q000402
P479895	Q000371
P480122	Q000490
P480123	Q000491
P480124	Q000492
P480125	Q000493
P480126	Q000495
P480127	Q000496
P480190	Q000365
P480325	Q002295
P480675	Q003654
P480676	Q006335
P480680	Q000403
P480681	Q000404
P480682	Q000409
P480683	Q000411
P480684	Q000420
P480685	Q000421
P480696	Q006412
P480701	Q002718
P480764	Q000353
P480765	Q000355
P480979	Q000422
P480980	Q000424
P480981	Q000427
P480982	Q000433
P480983	Q000434
P480984	Q000435
P480985	Q000456
P480986	Q000457
P480987	Q000439
P480988	Q000440
P480989	Q000446
P480990	Q000449
P481013	Q000821
P481040	Q000003
P481102	Q006205
P481124	Q000500
P481125	Q000501
P481126	Q000502
P481127	Q000503
P481128	Q000507
P481129	Q000508
P481130	Q000509
P481131	Q000510
P481132	Q000511
P481133	Q000512
P481134	Q000513
P481135	Q000514
P481136	Q000515
P481137	Q000516
P481138	Q000517
P481139	Q000518
P481140	Q000519
P481141	Q000520
P481142	Q000521
P481143	Q000522
P481144	Q000523
P481145	Q000524
P481146	Q000525
P481147	Q000526
P481148	Q000527
P481149	Q000528
P481150	Q000529
P481151	Q000530
P481152	Q000531
P481153	Q000532
P481154	Q000533
P481155	Q000534
P481156	Q000535
P481157	Q000536
P481158	Q000537
P481159	Q000538
P481161	Q004253
P481441	Q000767
P481702	Q000047
P481725	Q002873
P481726	Q002873.02
P481727	Q002873.03
P481728	Q002873.04
P481729	Q002873.05
P481730	Q002873.06
P481731	Q002873.07
P481732	Q002873.08
P481733	Q002873.09
P481734	Q002873.10
P481735	Q002873.11
P481736	Q006336
P481737	Q000484
P481738	Q000480
P481739	Q000485
P481740	Q000486
P481741	Q000487
P481742	Q000488
P481743	Q000489
P481746	Q000770
P481747	Q000771
P481748	Q002397
P481749	Q002398
P481935	Q000665
P481936	Q000666
P481937	Q000757
P481944	Q006377
P481947	Q000758
P482031	Q008932
P482085	Q006340
P482086	Q006337
P482087	Q006338
P482088	Q006339
P482090	Q004875
P491221	Q008416
P491222	Q002701
P491489	needed archun36
P491490	Q007309
P491491	Q008424
P491657	Q000460
P491658	Q000472
P491659	Q000473
P491660	Q000476
P491661	Q000498
P491662	Q000499
P491663	Q000542
P491664	Q000544
P491665	Q000452
P491666	Q000453
P491667	Q000466
P491668	Q000471
P491669	Q000478
P491670	Q000506
P491671	Q000430
P497322	QIshtardescent
P497355	Q000551
P497356	Q000552
P497357	Q000553b needed
P497358	Q000553c needed
P497359	Q000553d needed
P497872	Q001937
P497998	QMAL
P498002	Q008511
P498157	Q000010
P498269	Q000039
P498270	Q000040
P498271	Q000041
P498272	Q000042
P498273	Q000043
P498274	Q000292
P498275	Q000110
P498281	Q004276
P498282	Qfunerary001
P498296	Q008913
P498503	Q000504
P498504	Q000505
P498505	Q000566
P498507	Q000639
P498508	Q000642
P498509	Q000645
P498510	Q000648
P498511	Q000650
P498512	Q000652
P498513	Q000655
P498514	needed ?
P499075	Q000299
P499076	Q000018
P499077	Q000035
P499078	Q000014
P499079	Q000029
P499080	Q000012
P499084	Q000302
P499147	Q000006
P499148	Q000027
P499149	Q000020
P499150	Q000024
P499151	Q000293
P499152	Q000031
P499153	Q000008
P499154	Q000268
P499155	Q003904
P499186	Q002727
P499239	Q008430
P499260	Q000036
P499261	Q000037
P499262	Q000038
P499379	Q008512
P499380	Q008513
P499381	Q008514
P499387	Q008515
P499481	Q008428
P499483	Q008425
P499515	Q007320
P499713	Q008426
P499718	Qcurse
P499866	Q002873.01
P499940	Q000261
P500244	Q004795
P500245	Q004787
P500441	Q000720
P500618	Q008378
P500640	Q001921
P500641	Q001922
P500642	Q001927
P500941	Q001847
P500945	Q001938
P500946	Q001939
P500947	Q001967
P500948	Q001969
P500950	Q001970
P500951	Q001977
P500952	Q002004
P500964	Q008519
P500965	Q008520
P500971	Q008521
P500972	Q008522
P500973	Q008523
P500976	Q008524
P500977	Q008525
P500978	Q008526
P500979	Q008527
P500980	Q008528
P500981	Q008529
P500982	Q008530
P500983	Q008531
P500984	Q008532
P502918	Q007321
P504414	Q008427
P507624	Q008423
P507625	Q008420
P507626	Q008421
P507627	Q008422
P507972	Q000477
P507973	Q000443
P508819	Q008534
P508820	Q008535
P508821	Q008536
P508822	Q008537
P508823	Q008538
P508824	Q008539
P508825	Q008540
P508826	Q008541
P508827	Q008542
P508828	Q008772
P508829	Q008543
P508830	Q008544
P508831	Q008545
P508832	Q008546
P508833	Q008547
P508834	Q008548
P508835	Q008549
P508836	Q008550
P508837	Q008551
P508838	Q008552
P508839	Q008553
P508840	Q008554
P508841	Q008555
P508842	Q008556
P508843	Q008557
P508844	Q008558
P508845	Q008559
P508846	Q008560
P508847	Q008561
P508848	Q008562
P508849	Q008563
P508850	Q008564
P508913	Q008565
P508929	Q008569
P508930	Q008570
P508931	Q008571
P508932	Q008572
P508933	Q008573
P508934	Q008574
P508935	Q008575
P508937	Q008577
P508938	Q008578
P508939	Q008579
P508940	Q008580
P508941	Q008581
P508973	Q008583
P508980	Q008771
P508981	Q008584
P508982	Q008585
P508983	Q008586
P508984	Q008587
P508985	Q008588
P508986	Q008589
P508987	Q008590
P508988	Q008591
P508989	Q008592
P508990	Q008593
P508991	Q008594
P508992	Q008595
P508993	Q008596
P508994	Q008597
P508995	Q008598
P508996	Q008599
P508997	Q008600
P508998	Q008601
P508999	Q008602
P509000	Q008603
P509001	Q008604
P509075	Q008606
P509076	Q008607
P509077	Q008608
P509078	Q008609
P509079	Q008610
P509080	Q008611
P509081	Q008612
P509082	Q008613
P509083	Q008614
P509084	Q008615
P509085	Q008616
P509086	Q008617
P509087	Q008618
P509088	Q008619
P509089	Q008620
P509090	Q008621
P509091	Q008622
P509092	Q008623
P509093	Q008624
P509094	Q008625
P509095	Q002019
P509096	Q002026
P509097	Q002027
P509098	Q002028
P509099	Q002029
P509100	Q002030
P509101	Q002036
P509102	Q002037
P509103	Q002038
P509104	Q002039
P509105	Q002049
P509106	Q002050
P509107	Q002051
P509108	Q002052
P509109	Q002053
P509110	Q002054
P509111	Q002055
P509112	Q002056
P509113	Q002057
P509114	Q002058
P509115	Q002059
P509116	Q002060
P509117	Q002061
P509118	Q002078
P509119	Q002079
P509120	Q002080
P509121	Q002081
P509122	Q002082
P509123	Q002083
P509124	Q002084
P509125	Q002085
P509126	Q002086
P509127	Q002087
P509128	Q002088
P509129	Q002089
P509130	Q002090
P509131	Q002091
P509132	Q002100
P509133	Q002142
P509134	Q002143
P509135	Q002144
P509136	Q002145
P509137	Q008665
P509138	Q008666
P509211	Q008668
P509212	Q008669
P509213	Q008670
P509218	Q008671
P509219	Q008672
P509220	Q008673
P509283	Q008674
P509284	Q008675
P509285	Q008676
P509361	Q003408
P509362	Q003415
P509363	Q003419
P509364	Q003421
P509365	Q003424
P509366	Q003428
P509367	Q003429
P509368	Q003434
P509369	Q003444
P509370	Q003445
P509371	Q003437
P512842	Q008933
P512852	Q002190Akk
P513363	Q005577
P513364	Q005501
P513483	Q008911
P514334	Q008904
P514384	Q003439
P514385	Q003440
P514386	Q003441
P514387	Q003442
P514388	Q003468
P514389	Q003431
P514390	Q003432
P514391	Q003469
P514396	Q001925
P514412	Q008878
P514413	Q008879
P514414	Q008882
P514415	Q008851
P514419	Q004768
P514420	Q008847
P514421	Q008769
P514422	Q003417
P514423	Q008912
P514424	Q004876
P514429	Q008770
P514430	Q008849
P514431	Q008768
P514432	Q008883
P514433	Q008742
P514434	Q008743
P514435	Q008744
P514436	Q008745
P514437	Q008746
P514438	Q008747
P514439	Q008748
P514440	Q008749
P514441	Q008750
P514442	Q008751
P514443	Q008752
P514444	Q008753
P514445	Q008754
P514446	Q008755
P514447	Q008756
P514448	Q008758
P514449	Q008759
P514450	Q008760
P514451	Q008761
P514452	Q008685
P514453	Q008690
P514454	Q002203
P514455	Q002216
P514456	Q008691
P514457	Q008692
P514458	Q008697
P514511	Q008679
P514710	Q003700
P514711	Q003701
P514712	Q003702
P514713	Q003703
P514714	Q003704
P514715	Q003705
P514716	Q003706
P514717	Q003707
P514718	Q003708
P514719	Q003709
P514720	Q003710
P514721	Q003711
P514722	Q003712
P514723	Q003713
P514724	Q003714
P514725	Q003715
P514726	Q003716
P514727	Q003717
P514728	Q003718
P514729	Q003719
P514730	Q003720
P514731	Q003721
P514732	Q003722
P514733	Q003723
P514734	Q003724
P514735	Q003725
P514736	Q003726
P514737	Q003727
P514738	Q003728
P514739	Q003729
P514740	Q003730
P514741	Q003731
P514742	Q003732
P514743	Q003733
P514744	Q003734
P514745	Q003735
P514746	Q003736
P514747	Q003737
P514748	Q003738
P514749	Q003739
P514750	Q003740
P514751	Q003741
P514752	Q003742
P514753	Q003743
P514754	Q003744
P514755	Q003745
P514756	Q003746
P514757	Q003747
P514758	Q003748
P514759	Q003749
P514760	Q003750
P514761	Q003751
P514762	Q003752
P514763	Q003753
P514764	Q003754
P514765	Q003755
P514766	Q003756
P514767	Q003757
P514768	Q003758
P514769	Q003759
P514770	Q003760
P514771	Q003761
P514772	Q003762
P514773	Q003763
P514776	Q003766
P514777	Q003767
P514778	Q003767
P514779	Q003769
P514780	Q003770
P514781	Q004010
P514783	Q005359
P516864	Q008698
P516865	Q008699
P516866	Q008700
P516867	Q008701
P516868	Q008702
P516869	Q008703
P516870	Q008704
P516871	Q008705
P516872	Q008706
P516873	Q008707
P516874	Q008708
P516875	Q008709
P516876	Q008710
P516877	Q008711
P516878	Q008725
P516879	Q008726
P516880	Q008732
P516881	Q008733
P516882	Q008734
P516883	Q008735
P516884	Q008736
P516885	Q008737
P516886	Q008738
P516887	Q008845
P516888	Q008682
P516889	Q002135
P516890	Q002136
P516891	Q002137
P516892	Q001968
P516893	Q001944
P516894	Q003856
P516895	Q003862
P516896	Q003863
P516897	Q003864
P516898	Q003865
P516899	Q003866
P516900	Q003867
P516901	Q003868
P516902	Q003869
P516903	Q003870
P516904	Q003871
P516905	Q003872
P516906	Q003873
P516907	Q003874
P516908	Q003875
P516909	Q003876
P516910	Q003877
P516911	Q003878
P516912	Q003879
P516913	Q003880
P516914	Q006204
P516915	Q001924
P516916	Q008894
P516917	Q004329
P516918	Q004969
P516919	Q004982
P516920	Q005011
P516921	Q005026
P516922	Q001956
P516923	Q008681
P516924	Q008683
P516925	Q008687
P516926	Q008688
P516927	Q008689
P516928	Q002201
P516929	Q002202
P516930	Q002205
P516931	Q002206
P516932	Q002207
P516933	Q002208
P516934	Q002210
P516935	Q002211
P516936	Q002212
P516937	Q002213
P516938	Q002214
P516939	Q002215
P516940	Q002217
P516941	Q008693
P516943	Q008695
P516944	Q008696
P516946	Q008762
P516947	Q008764
P516948	Q008765
P516949	Q008766
P516950	Q008767
P516951	Q008773
P516952	Q008774
P516954	Q008844
P516955	Q007628
P516956	Q007593
P516957	Q007615
P516958	Q007594
P516991	Q008846
P516992	Q008853
P516993	Q008854
P516994	Q003667
P517020	Q008814
P517050	Q003845
P517051	Q003847
P517198	needed
P518317	Q008900
P518320	Q008741
P518321	Q008776
P518322	Q008777
P518323	Q008778
P518325	Q008780
P518326	Q008781
P518327	Q008782
P518328	Q008783
P518329	Q008784
P518330	Q008785
P518331	Q008786
P518332	Q008787
P518333	Q008788
P518334	Q008789
P518335	Q008790
P518336	Q008791
P518337	Q008792
P518338	Q008793
P518339	Q008794
P518340	Q008795
P518341	Q008796
P518342	Q008797
P518343	Q008798
P518344	Q008799
P518345	Q008800
P518346	Q008801
P518347	Q008802
P518348	Q008803
P518349	Q008804
P518350	Q008805
P518351	Q008806
P518352	Q008807
P518353	Q008808
P518354	Q008809
P518355	Q008810
P518356	Q008811
P518357	Q008812
P518358	Q008813
P518458	Q005380
P518459	Q005381
P518462	Q005382
P518463	Q005383
P518466	Q005384
P518468	Q005385
P518470	Q005386
P518471	Q005387
P518472	Q005388
P518480	Q005389
P518487	Q005390
P518490	Q005393
P518905	needed
P518907	Q005398
P518909	Q005399
P518912	Q005438
P518914	Q005400
P518916	Q005401
P518918	Q005402
P518920	Q005404
P518924	Q005405
P518933	Q005406
P518938	Q005407
P518940	Q005410
P518942	Q005411
P518943	Q005412
P518945	Q005413
P518951	Q005414
P518953	Q005415
P518968	Q005416
P518970	Q005417
P518972	Q005418
P518974	Q005419
P518975	Q005420
P518976	Q005421
P518982	Q005422
P518984	Q005423
P518987	Q005469
P518989	Q005424
P518991	Q005425
P519040	Q005426
P519042	Q005427
P519046	Q005428
P519049	Q005429
P519057	Q005430
P519058	Q005431
P519059	Q005432
P519060	Q005433
P519061	Q005434
P519064	Q005435
P519066	Q005436
P519067	Q005437
P519069	Q005439
P519071	Q005440
P519072	Q005441
P519073	Q005442
P519075	Q005443
P519076	Q005444
P519079	Q005445
P519081	Q005446
P519083	Q005447
P519085	Q005448
P519086	Q005449
P519087	Q005450
P519089	Q005451
P519090	Q005452
P519092	Q005453
P519094	Q005463
P519095	Q005465
P519096	Q005466
P519098	Q005467
P519099	Q005468
P519101	Q005470
P519103	Q009187
P519105	Q009237
P519107	Q009238
P519109	Q005471
P519212	Q002220sum
P519213	Q002224sum
P519214	Q002225sum
P519215	Q004103
P519217	Q008680
P519222	Q008815
P519223	Q008816
P519224	Q008817
P519225	Q008818
P519226	Q008819
P519227	Q008820
P519228	Q008821
P519229	Q008822
P519230	Q008823
P519231	Q008824
P519232	Q008825
P519233	Q008826
P519234	Q008827
P519235	Q008828
P519236	Q008829
P519237	Q008830
P519238	Q008831
P519239	Q008832
P519240	Q008833
P519241	Q008834
P519242	Q008835
P519243	Q008836
P519244	Q008837
P519245	Q008838
P519246	Q008839
P519247	Q008840
P519248	Q008841
P519249	Q008842
P519250	Q008855
P519251	Q008856
P519252	Q008857
P519253	Q008858
P519254	Q008859
P519255	Q008860
P519256	Q008861
P519257	Q008862
P519258	Q008863
P519259	Q008864
P519260	Q008865
P519261	Q008866
P519262	Q008867
P519263	Q008868
P519264	Q008869
P519265	Q008870
P519266	Q008871
P519267	Q008872
P519268	Q008873
P519269	Q008881
P519270	Q008885
P519271	Q008888
P519272	Q008890
P519273	Q007322
P519274	Q007323
P519275	Q007329
P519276	Q007337
P519277	Q008716
P519278	Q008717
P519279	Q008718
P519280	Q008715
P519281	Q008720
P519282	Q008721
P519283	Q008722
P519284	Q008723
P519285	Q008724
P519286	Q008884
P519287	Q008887
P519288	Q008874
P519289	Q008875
P519290	Q008886
P519291	Q008889
P519292	Q008893
P519305	needed
P519306	needed
P519307	Q004254
P519308	Q007286
P519309	Q007285
P519310	Q007287
P519311	Q005672
P519312	Q005661
P519313	Q005662
P519314	Q005663
P519315	Q005664
P519316	Q005665
P519317	Q005666
P519318	Q005667
P519319	Q005668
P519320	Q005669
P519321	Q005680
P519324	Q007686
P519326	Q007688
P519328	Q008370
P519330	Q006307
P519332	Q006656
P519334	Q008902
P519341	needed
P519342	needed
P519343	needed
P519344	needed
P519345	needed
P519346	needed
P519350	Q000768
P519352	Q000769
P519353	Q005391
P519355	Q005392
P519362	Q000759
P519402	Q003902
P519414	Q009236
P519583	Q009186
P519584	Q009239
P519585	Q009240
P519586	Q009186
P519692	Q005464
P519694	Q005458
P519695	Q005457
P519697	Q005456
P519699	Q005455
P519701	Q005454
P519720	Q005408
P519722	Q005409
P519727	Q006486
P519741	Q009241
P519917	Q009247
P520015	Q007161
P522158	Q007159
P522160	Q007275
P522161	Q007278
P522162	Q007281
P522163	Q007250
P522164	Q007251
P522165	Q007271
P522166	Q007160
P522167	Q007161
P522168	Q007162
P522169	Q007163
P522170	Q007164
P522171	Q007165
P522172	Q007166
P522173	Q007167
P522174	Q007188
P522175	Q007189
P522176	Q007168
P522177	Q007171
P522178	Q007172
P522179	Q007173
P522180	Q007214
P522181	Q007215
P522182	Q007216
P522183	Q007224
P522184	Q007225
P522185	Q007226
P522186	Q007227
P522187	Q007228
P522188	Q007229
P522189	Q007230
P522190	Q007266
P522191	Q007267
P522192	Q007268
P522193	Q007269
P522194	Q007270
P522195	Q007272
P522196	Q007273
P522197	Q007274
P522198	Q007276
P522199	Q007277
P522200	Q007279
P522201	Q007280
P522202	Q007282
P522203	Q007129
P522204	Q007130
P522205	Q007131
P522206	Q007132
P522207	Q007133
P522208	Q006654
P522209	Q006655
P522210	Q007260
P522211	Q007262
P522212	Q007263
P522213	Q007264
P522214	Q007146
P522215	Q007147
P522216	Q007148
P522217	Q007149
P522218	Q007150
P522219	Q007151
P522220	Q007152
P522221	Q007153
P522222	Q007154
P522223	Q007155
P522224	Q007156
P522225	Q007157
P522226	Q007158
P522227	Q007170
P522228	Q007174
P522229	Q007175
P522230	Q007176
P522231	Q007177
P522233	Q007178
P522234	Q007179
P522235	Q007180
P522237	Q007181
P522238	Q007182
P522239	Q007183
P522240	Q007184
P522241	Q007185
P522242	Q007186
P522243	Q007187
P522245	Q007254
P522246	Q007210
P522247	Q007211
P522248	Q007212
P522249	Q007213
P522250	Q007209
P522253	Q007217
P522254	Q007218
P522255	Q007219
P522256	Q007220
P522257	Q007221
P522258	Q007222
P522259	Q007223
P522265	Q007254
P522266	Q007255
P522274	Q007205
P522275	Q007206
P522277	Q007208
P522994	Q005472
P522995	Q005473
P522996	Q005474
P522997	Q005475
P522998	Q005476
P522999	Q005477
P523000	Q005478
P523001	Q005479
P523002	Q005480
P523003	Q005481
P523004	Q005482
P523005	Q005483
P523006	Q005484
P523007	Q005485
P523008	Q005486
P523009	Q005487
P523010	Q005488
P523011	Q005489
P523012	Q005490
P523013	Q005491
P523014	Q005492
P523015	Q005493
P523016	Q005494
P523017	Q005495
P523018	Q005496
P523019	Q005497
P523020	Q005498
P523021	Q005499
P523022	Q005500
P523023	Q005501
P523024	Q005502
P523025	Q005503
P523026	Q005504
P523027	Q005505
P523028	Q005506
P523029	Q005507
P523030	Q005508
P523031	Q005602
P523032	Q005603
P523033	Q005604
P523034	Q005605
P523035	Q005522
P523036	Q005576
P523037	Q005577
P523038	Q005531
P523039	Q005533
P523040	Q005535
P523041	Q005555
P523042	Q005556
P523043	Q005534
P523044	Q005557
P523045	Q005532
P523046	Q005562
P523047	Q005523
P523048	Q005538
P523049	Q005536
P523050	Q005537
P523051	Q005579
P523052	Q005573
P523053	Q005575
P523054	Q005563
P523055	Q005574
P523056	Q005559
P523057	Q005564
P523058	Q005524
P523059	Q005565
P523060	Q005593
P523061	Q005525
P523062	Q005526
P523063	Q005528
P523064	Q005529
P523065	Q005530
P523066	Q005539
P523067	Q005558
P523068	Q005578
P523069	Q005554
P523070	Q005543
P523071	Q005580
P523072	Q005550
P523073	Q005551
P523074	Q009274
P523075	Q005582
P523076	Q005544
P523077	Q005545
P523078	Q005566
P523079	Q005570
P523080	Q005542
P523081	Q005568
P523082	Q005561
P523083	Q005569
P523084	Q005567
P523085	Q005571
P523086	Q005560
P523087	Q005546
P523088	Q005547
P523089	Q005548
P523090	Q005549
P523091	Q005591
P523092	Q005592
P523093	Q005584
P523094	Q005590
P523095	Q005585
P523096	Q005586
P523097	Q005587
P523098	Q005541
P523099	Q005588
P523100	Q005589
P523101	Q005595
P523102	Q005596
P523103	Q005594
P523104	Q005521
P523105	Q005598
P523106	Q005599
P523107	Q005597
P523108	Q005552
P523109	Q005553
P523110	Q009273
P523111	Q005540
P523112	Q005572
P523113	Q005600
P523114	Q005601
P523254	Q006482
P523255	Q006483
P523256	Q006484
P523257	Q006485
P523258	Q006486
P523259	Q006487
P523260	Q006488
P523261	Q006489
P523262	Q006490
P523263	Q006491
P523264	Q006492
P523265	Q006493
P523266	Q006494
P523267	Q006495
P523268	Q006496
P523269	Q006497
P523270	Q006498
P523271	Q006499
P523272	Q006500
P523273	Q006501
P523274	Q006502
P523275	Q006503
P523276	Q006504
P523277	Q006505
P523278	Q006506
P523279	Q006507
P523280	Q006508
P523281	Q006509
P523282	Q006510
P523283	Q006511
P523284	Q006512
P523285	Q006513
P523286	Q006514
P523287	Q006515
P523288	Q006516
P523289	Q006517
P523290	Q006518
P523291	Q006519
P523292	Q006520
P523293	Q006521
P523294	Q006522
P523295	Q006523
P523296	Q006524
P523297	Q006525
P523298	Q006526
P523299	Q006527
P523300	Q006528
P523301	Q006529
P523302	Q006530
P523303	Q006531
P523304	Q006532
P523305	Q006533
P523306	Q006534
P523307	Q006535
P523308	Q006536
P523309	Q006537
P523310	Q006538
P523311	Q006539
P523312	Q006540
P523313	Q006541
P523314	Q006542
P523315	Q006543
P523316	Q006544
P523317	Q006545
P523318	Q006546
P523319	Q006547
P523320	Q006548
P523321	Q006549
P523322	Q006550
P523323	Q006551
P523324	Q006552
P523325	Q006553
P523326	Q006554
P523327	Q006555
P523328	Q006556
P523329	Q006557
P523330	Q006558
P523331	Q006559
P523332	Q006560
P523333	Q006561
P523334	Q006562
P523335	Q006563
P523336	Q006564
P523337	Q006565
P523338	Q006566
P523339	Q006567
P523340	Q006568
P523341	Q006569
P523342	Q006570
P523343	Q006571
P523344	Q006572
P523345	Q006573
P523346	Q006574
P523347	Q006575
P523348	Q006576
P523349	Q006577
P523350	Q006578
P523351	Q006579
P523352	Q006580
P523353	Q006581
P523354	Q006582
P523355	Q006583
P523356	Q006584
P523357	Q006585
P523358	Q006586
P523359	Q006587
P523360	Q006588
P523361	Q006589
P523362	Q006590
P523363	Q006591
P523364	Q006592
P523365	Q006593
P523366	Q006594
P523367	Q006595
P523368	Q006611
P523369	Q006597
P523370	Q006598
P523371	Q006599
P523372	Q006600
P523373	Q006601
P523374	Q006602
P523375	Q006609
P523376	Q006610
P523377	Q006632
P523378	Q006633
P523379	Q006634
P523380	Q006635
P523381	Q006636
P523382	Q006637
P523383	Q006638
P523384	Q006639
P523385	Q006640
P523386	Q006641
P523387	Q006643
P523388	Q006644
P523389	Q006645
P523390	Q006646
P523391	Q006647
P523392	Q006648
P523393	Q006649
P523394	Q006650
P523395	Q006651
P523396	Q006652
P523397	Q007770
P523398	Q003771
P523399	Q003772
P523400	Q003773
P523401	Q003774
P523402	Q003775
P523403	Q003776
P523404	Q003777
P523405	Q003778
P523406	Q003779
P523407	Q003780
P523408	Q003781
P523409	Q003782
P523410	Q003783
P523411	Q003784
P523412	Q003785
P523413	Q003786
P523414	Q003787
P523415	Q003788
P523416	Q003789
P523417	Q003790
P523418	Q003791
P523419	Q003792
P523420	Q003793
P523421	Q003794
P523422	Q003795
P523423	Q003796
P523424	Q003797
P523425	Q003798
P523426	Q003799
P523427	Q003800
P523428	Q003801
P523429	Q003802
P523430	Q003803
P523431	Q003804
P523432	Q003805
P523433	Q003806
P523434	Q003807
P523435	Q003808
P523436	Q003809
P523437	Q003810
P523438	Q003811
P523439	Q003812
P523440	Q003813
P523441	Q003814
P523442	Q003815
P523443	Q003816
P523444	Q003817
P523445	Q003818
P523446	Q003819
P523447	Q003820
P523448	Q003821
P523449	Q003822
P523450	Q003823
P523451	Q003824
P523452	Q003825
P523453	Q003826
P523454	Q003827
P523455	Q003828
P523456	Q003829
P523457	Q007539
P523458	Q007540
P523459	Q007541
P523460	Q007542
P523461	Q007543
P523462	Q007544
P523463	Q007545
P523464	Q007546
P523465	Q007547
P523466	Q007548
P523467	Q007549
P523468	Q007550
P523469	Q007551
P523470	Q007552
P523471	Q007553
P523472	Q007554
P523473	Q007555
P523474	Q007556
P523475	Q007557
P523476	Q007558
P523477	Q007559
P523478	Q007560
P523479	Q007561
P523480	Q007562
P523481	Q007563
P523482	Q007564
P523483	Q007565
P523484	Q007566
P523485	Q007567
P523486	Q007568
P523487	Q007569
P523488	Q007570
P523489	Q007571
P523490	Q007572
P523491	Q007573
P523492	Q007574
P523493	Q007575
P523494	Q007576
P523495	Q007577
P523496	Q007578
P523497	Q007579
P523498	Q007580
P523499	Q007581
P523500	Q007582
P523501	Q007583
P523502	Q007584
P523503	Q007585
P523504	Q007586
P523505	Q007587
P523506	Q007588
P523507	Q007589
P523508	Q007590
P523509	Q007591
P523510	Q007592
P523511	Q007595
P523512	Q007596
P523513	Q007597
P523514	Q007598
P523515	Q007599
P523516	Q007600
P523517	Q007601
P523518	Q007602
P523519	Q007603
P523520	Q007604
P523521	Q007605
P523522	Q007606
P523523	Q007607
P523524	Q007608
P523525	Q007609
P523526	Q007610
P523527	Q007611
P523528	Q007612
P523529	Q007613
P523530	Q007614
P523531	Q007616
P523532	Q007617
P523533	Q007618
P523534	Q007619
P523535	Q007620
P523536	Q007621
P523537	Q007622
P523538	Q007623
P523539	Q007624
P523540	Q007625
P523541	Q007626
P523542	Q007627
P523543	Q007629
P523544	Q007630
P523545	Q007631
P523546	Q007632
P523547	Q007633
P523548	Q007634
P523549	Q007635
P523550	Q007636
P523551	Q007637
P523552	Q007638
P523553	Q008319
P523554	Q008320
P523555	Q008321
P523556	Q008322
P523557	Q008323
P523558	Q008324
P523559	Q008325
P523560	Q008326
P523561	Q008327
P523562	Q008328
P524805	Q009354
P